source,cell_id,chemistry,nominal_Ah,T_degC,c_rate,capacite_Ah
catenaro2021,LFP_k1,LFP,2.5,5.0,0.05,2.53657
catenaro2021,LFP_k1,LFP,2.5,5.0,1.0,2.27921
catenaro2021,LFP_k1,LFP,2.5,5.0,2.0,2.25597
catenaro2021,LFP_k1,LFP,2.5,5.0,3.0,2.31662
catenaro2021,LFP_k1,LFP,2.5,5.0,5.0,2.41535
catenaro2021,LFP_k1,LFP,2.5,5.0,10.0,1.87955
catenaro2021,LFP_k1,LFP,2.5,5.0,15.0,0.11724
catenaro2021,LFP_k1,LFP,2.5,5.0,20.0,0.02529
catenaro2021,LFP_k1,LFP,2.5,25.0,0.05,2.57149
catenaro2021,LFP_k1,LFP,2.5,25.0,1.0,2.54826
catenaro2021,LFP_k1,LFP,2.5,25.0,2.0,2.52713
catenaro2021,LFP_k1,LFP,2.5,25.0,3.0,2.51227
catenaro2021,LFP_k1,LFP,2.5,25.0,5.0,2.51692
catenaro2021,LFP_k1,LFP,2.5,25.0,10.0,2.50647
catenaro2021,LFP_k1,LFP,2.5,25.0,15.0,2.49304
catenaro2021,LFP_k1,LFP,2.5,25.0,20.0,2.4132
catenaro2021,LFP_k1,LFP,2.5,35.0,0.05,2.57429
catenaro2021,LFP_k1,LFP,2.5,35.0,1.0,2.5542
catenaro2021,LFP_k1,LFP,2.5,35.0,2.0,2.54109
catenaro2021,LFP_k1,LFP,2.5,35.0,3.0,2.53316
catenaro2021,LFP_k1,LFP,2.5,35.0,5.0,2.52844
catenaro2021,LFP_k1,LFP,2.5,35.0,10.0,2.50674
catenaro2021,LFP_k1,LFP,2.5,35.0,15.0,2.47468
catenaro2021,LFP_k1,LFP,2.5,35.0,20.0,2.38966
catenaro2021,LFP_k2,LFP,2.5,5.0,0.05,2.5001
catenaro2021,LFP_k2,LFP,2.5,5.0,1.0,2.44559
catenaro2021,LFP_k2,LFP,2.5,5.0,2.0,2.45667
catenaro2021,LFP_k2,LFP,2.5,5.0,3.0,2.46395
catenaro2021,LFP_k2,LFP,2.5,5.0,5.0,2.15389
catenaro2021,LFP_k2,LFP,2.5,5.0,10.0,2.2716
catenaro2021,LFP_k2,LFP,2.5,5.0,15.0,2.32431
catenaro2021,LFP_k2,LFP,2.5,5.0,20.0,2.3427
catenaro2021,LFP_k2,LFP,2.5,25.0,0.05,2.50589
catenaro2021,LFP_k2,LFP,2.5,25.0,1.0,2.47094
catenaro2021,LFP_k2,LFP,2.5,25.0,2.0,2.45403
catenaro2021,LFP_k2,LFP,2.5,25.0,3.0,2.47371
catenaro2021,LFP_k2,LFP,2.5,25.0,5.0,2.4563
catenaro2021,LFP_k2,LFP,2.5,25.0,10.0,2.44168
catenaro2021,LFP_k2,LFP,2.5,25.0,15.0,2.42394
catenaro2021,LFP_k2,LFP,2.5,25.0,20.0,2.40899
catenaro2021,LFP_k2,LFP,2.5,35.0,0.05,2.53415
catenaro2021,LFP_k2,LFP,2.5,35.0,1.0,2.51503
catenaro2021,LFP_k2,LFP,2.5,35.0,2.0,2.50181
catenaro2021,LFP_k2,LFP,2.5,35.0,3.0,2.49297
catenaro2021,LFP_k2,LFP,2.5,35.0,5.0,2.4807
catenaro2021,LFP_k2,LFP,2.5,35.0,10.0,2.45084
catenaro2021,LFP_k2,LFP,2.5,35.0,15.0,2.42112
catenaro2021,LFP_k2,LFP,2.5,35.0,20.0,2.38975
catenaro2021,LFP_k3,LFP,2.5,5.0,0.05,2.33512
catenaro2021,LFP_k3,LFP,2.5,5.0,1.0,2.3151
catenaro2021,LFP_k3,LFP,2.5,5.0,2.0,2.34975
catenaro2021,LFP_k3,LFP,2.5,5.0,3.0,2.41743
catenaro2021,LFP_k3,LFP,2.5,5.0,5.0,2.48095
catenaro2021,LFP_k3,LFP,2.5,5.0,10.0,2.48989
catenaro2021,LFP_k3,LFP,2.5,5.0,15.0,2.49139
catenaro2021,LFP_k3,LFP,2.5,5.0,20.0,0.13389
catenaro2021,LFP_k3,LFP,2.5,25.0,0.05,2.57171
catenaro2021,LFP_k3,LFP,2.5,25.0,1.0,2.54938
catenaro2021,LFP_k3,LFP,2.5,25.0,2.0,2.54193
catenaro2021,LFP_k3,LFP,2.5,25.0,3.0,2.54442
catenaro2021,LFP_k3,LFP,2.5,25.0,5.0,2.52611
catenaro2021,LFP_k3,LFP,2.5,25.0,10.0,2.5212
catenaro2021,LFP_k3,LFP,2.5,25.0,15.0,2.51392
catenaro2021,LFP_k3,LFP,2.5,25.0,20.0,2.46152
catenaro2021,LFP_k3,LFP,2.5,35.0,0.05,2.59686
catenaro2021,LFP_k3,LFP,2.5,35.0,1.0,2.58212
catenaro2021,LFP_k3,LFP,2.5,35.0,2.0,2.57272
catenaro2021,LFP_k3,LFP,2.5,35.0,3.0,2.57071
catenaro2021,LFP_k3,LFP,2.5,35.0,5.0,2.55412
catenaro2021,LFP_k3,LFP,2.5,35.0,10.0,2.53791
catenaro2021,LFP_k3,LFP,2.5,35.0,15.0,2.52515
catenaro2021,LFP_k3,LFP,2.5,35.0,20.0,2.37126
catenaro2021,LFP_k4,LFP,2.5,5.0,0.05,2.55437
catenaro2021,LFP_k4,LFP,2.5,5.0,1.0,2.37552
catenaro2021,LFP_k4,LFP,2.5,5.0,2.0,2.38402
catenaro2021,LFP_k4,LFP,2.5,5.0,3.0,2.4117
catenaro2021,LFP_k4,LFP,2.5,5.0,5.0,2.45131
catenaro2021,LFP_k4,LFP,2.5,5.0,10.0,2.4304
catenaro2021,LFP_k4,LFP,2.5,5.0,15.0,2.41389
catenaro2021,LFP_k4,LFP,2.5,5.0,20.0,0.00982
catenaro2021,LFP_k4,LFP,2.5,25.0,0.05,2.55162
catenaro2021,LFP_k4,LFP,2.5,25.0,1.0,2.53843
catenaro2021,LFP_k4,LFP,2.5,25.0,2.0,2.53081
catenaro2021,LFP_k4,LFP,2.5,25.0,3.0,2.53044
catenaro2021,LFP_k4,LFP,2.5,25.0,5.0,2.51377
catenaro2021,LFP_k4,LFP,2.5,25.0,10.0,2.50822
catenaro2021,LFP_k4,LFP,2.5,25.0,15.0,2.49777
catenaro2021,LFP_k4,LFP,2.5,25.0,20.0,2.38192
catenaro2021,LFP_k4,LFP,2.5,35.0,0.05,2.58552
catenaro2021,LFP_k4,LFP,2.5,35.0,1.0,2.56662
catenaro2021,LFP_k4,LFP,2.5,35.0,2.0,2.55716
catenaro2021,LFP_k4,LFP,2.5,35.0,3.0,2.55623
catenaro2021,LFP_k4,LFP,2.5,35.0,5.0,2.54359
catenaro2021,LFP_k4,LFP,2.5,35.0,10.0,2.52717
catenaro2021,LFP_k4,LFP,2.5,35.0,15.0,2.50822
catenaro2021,LFP_k4,LFP,2.5,35.0,20.0,2.38421
catenaro2021,LFP_k5,LFP,2.5,5.0,0.05,2.54187
catenaro2021,LFP_k5,LFP,2.5,5.0,1.0,2.44181
catenaro2021,LFP_k5,LFP,2.5,5.0,2.0,2.4606
catenaro2021,LFP_k5,LFP,2.5,5.0,3.0,2.48596
catenaro2021,LFP_k5,LFP,2.5,5.0,5.0,2.3137
catenaro2021,LFP_k5,LFP,2.5,5.0,10.0,2.29743
catenaro2021,LFP_k5,LFP,2.5,5.0,15.0,0.1887
catenaro2021,LFP_k5,LFP,2.5,5.0,20.0,2.35534
catenaro2021,LFP_k5,LFP,2.5,25.0,0.05,2.53536
catenaro2021,LFP_k5,LFP,2.5,25.0,1.0,2.50853
catenaro2021,LFP_k5,LFP,2.5,25.0,2.0,2.4953
catenaro2021,LFP_k5,LFP,2.5,25.0,3.0,2.48987
catenaro2021,LFP_k5,LFP,2.5,25.0,5.0,2.49002
catenaro2021,LFP_k5,LFP,2.5,25.0,10.0,2.48221
catenaro2021,LFP_k5,LFP,2.5,25.0,15.0,2.46916
catenaro2021,LFP_k5,LFP,2.5,25.0,20.0,2.41183
catenaro2021,LFP_k5,LFP,2.5,35.0,0.05,2.56202
catenaro2021,LFP_k5,LFP,2.5,35.0,1.0,2.5441
catenaro2021,LFP_k5,LFP,2.5,35.0,2.0,2.53426
catenaro2021,LFP_k5,LFP,2.5,35.0,3.0,2.53351
catenaro2021,LFP_k5,LFP,2.5,35.0,5.0,2.52136
catenaro2021,LFP_k5,LFP,2.5,35.0,10.0,2.50005
catenaro2021,LFP_k5,LFP,2.5,35.0,15.0,2.46843
catenaro2021,LFP_k5,LFP,2.5,35.0,20.0,2.40893
catenaro2021,LFP_k6,LFP,2.5,5.0,0.05,2.51065
catenaro2021,LFP_k6,LFP,2.5,5.0,1.0,2.37124
catenaro2021,LFP_k6,LFP,2.5,5.0,2.0,2.37552
catenaro2021,LFP_k6,LFP,2.5,5.0,3.0,2.39169
catenaro2021,LFP_k6,LFP,2.5,5.0,5.0,2.37072
catenaro2021,LFP_k6,LFP,2.5,5.0,10.0,2.40781
catenaro2021,LFP_k6,LFP,2.5,5.0,15.0,2.40889
catenaro2021,LFP_k6,LFP,2.5,5.0,20.0,2.33989
catenaro2021,LFP_k6,LFP,2.5,25.0,0.05,2.50153
catenaro2021,LFP_k6,LFP,2.5,25.0,1.0,2.40601
catenaro2021,LFP_k6,LFP,2.5,25.0,2.0,2.44453
catenaro2021,LFP_k6,LFP,2.5,25.0,3.0,2.46092
catenaro2021,LFP_k6,LFP,2.5,25.0,5.0,2.45926
catenaro2021,LFP_k6,LFP,2.5,25.0,10.0,2.45119
catenaro2021,LFP_k6,LFP,2.5,25.0,15.0,2.43781
catenaro2021,LFP_k6,LFP,2.5,25.0,20.0,2.40252
catenaro2021,LFP_k6,LFP,2.5,35.0,0.05,2.53242
catenaro2021,LFP_k6,LFP,2.5,35.0,1.0,2.51228
catenaro2021,LFP_k6,LFP,2.5,35.0,2.0,2.5006
catenaro2021,LFP_k6,LFP,2.5,35.0,3.0,2.49583
catenaro2021,LFP_k6,LFP,2.5,35.0,5.0,2.49108
catenaro2021,LFP_k6,LFP,2.5,35.0,10.0,2.47181
catenaro2021,LFP_k6,LFP,2.5,35.0,15.0,2.45014
catenaro2021,LFP_k6,LFP,2.5,35.0,20.0,2.38656
catenaro2021,NCA_k1,NCA,3.35,5.0,0.05,3.0784
catenaro2021,NCA_k1,NCA,3.35,5.0,1.0,2.69142
catenaro2021,NCA_k1,NCA,3.35,5.0,2.0,1.82676
catenaro2021,NCA_k1,NCA,3.35,5.0,3.0,0.70503
catenaro2021,NCA_k1,NCA,3.35,5.0,5.0,0.02338
catenaro2021,NCA_k1,NCA,3.35,25.0,0.05,3.33924
catenaro2021,NCA_k1,NCA,3.35,25.0,1.0,3.14558
catenaro2021,NCA_k1,NCA,3.35,25.0,2.0,2.96601
catenaro2021,NCA_k1,NCA,3.35,25.0,3.0,2.30454
catenaro2021,NCA_k1,NCA,3.35,25.0,5.0,0.32621
catenaro2021,NCA_k1,NCA,3.35,35.0,0.05,3.34587
catenaro2021,NCA_k1,NCA,3.35,35.0,1.0,3.21674
catenaro2021,NCA_k1,NCA,3.35,35.0,2.0,2.99577
catenaro2021,NCA_k1,NCA,3.35,35.0,3.0,2.8534
catenaro2021,NCA_k1,NCA,3.35,35.0,5.0,0.17915
catenaro2021,NCA_k2,NCA,3.35,5.0,0.05,3.02146
catenaro2021,NCA_k2,NCA,3.35,5.0,1.0,2.31823
catenaro2021,NCA_k2,NCA,3.35,5.0,2.0,1.66965
catenaro2021,NCA_k2,NCA,3.35,5.0,3.0,0.74858
catenaro2021,NCA_k2,NCA,3.35,5.0,5.0,0.00027
catenaro2021,NCA_k2,NCA,3.35,25.0,0.05,3.31884
catenaro2021,NCA_k2,NCA,3.35,25.0,1.0,3.08027
catenaro2021,NCA_k2,NCA,3.35,25.0,2.0,2.98465
catenaro2021,NCA_k2,NCA,3.35,25.0,3.0,2.48753
catenaro2021,NCA_k2,NCA,3.35,25.0,5.0,0.27605
catenaro2021,NCA_k2,NCA,3.35,35.0,0.05,3.33761
catenaro2021,NCA_k2,NCA,3.35,35.0,1.0,3.19306
catenaro2021,NCA_k2,NCA,3.35,35.0,2.0,3.12169
catenaro2021,NCA_k2,NCA,3.35,35.0,3.0,2.82136
catenaro2021,NCA_k2,NCA,3.35,35.0,5.0,0.09304
catenaro2021,NCA_k3,NCA,3.35,5.0,0.05,3.05189
catenaro2021,NCA_k3,NCA,3.35,5.0,1.0,2.58527
catenaro2021,NCA_k3,NCA,3.35,5.0,2.0,1.81543
catenaro2021,NCA_k3,NCA,3.35,5.0,3.0,1.1865
catenaro2021,NCA_k3,NCA,3.35,5.0,5.0,0.23551
catenaro2021,NCA_k3,NCA,3.35,25.0,0.05,3.3151
catenaro2021,NCA_k3,NCA,3.35,25.0,1.0,3.12797
catenaro2021,NCA_k3,NCA,3.35,25.0,2.0,3.04566
catenaro2021,NCA_k3,NCA,3.35,25.0,3.0,2.71135
catenaro2021,NCA_k3,NCA,3.35,25.0,5.0,0.31663
catenaro2021,NCA_k3,NCA,3.35,35.0,0.05,3.35005
catenaro2021,NCA_k3,NCA,3.35,35.0,1.0,3.20485
catenaro2021,NCA_k3,NCA,3.35,35.0,2.0,3.12986
catenaro2021,NCA_k3,NCA,3.35,35.0,3.0,2.79451
catenaro2021,NCA_k3,NCA,3.35,35.0,5.0,0.2649
catenaro2021,NCA_k4,NCA,3.35,5.0,0.05,3.0877
catenaro2021,NCA_k4,NCA,3.35,5.0,1.0,2.85882
catenaro2021,NCA_k4,NCA,3.35,5.0,2.0,2.99538
catenaro2021,NCA_k4,NCA,3.35,5.0,3.0,1.23361
catenaro2021,NCA_k4,NCA,3.35,5.0,5.0,0.22646
catenaro2021,NCA_k4,NCA,3.35,25.0,0.05,3.34461
catenaro2021,NCA_k4,NCA,3.35,25.0,1.0,3.21622
catenaro2021,NCA_k4,NCA,3.35,25.0,2.0,3.18618
catenaro2021,NCA_k4,NCA,3.35,25.0,3.0,2.58688
catenaro2021,NCA_k4,NCA,3.35,25.0,5.0,0.3511
catenaro2021,NCA_k4,NCA,3.35,35.0,0.05,3.3557
catenaro2021,NCA_k4,NCA,3.35,35.0,1.0,3.27915
catenaro2021,NCA_k4,NCA,3.35,35.0,2.0,3.26802
catenaro2021,NCA_k4,NCA,3.35,35.0,3.0,2.37675
catenaro2021,NCA_k4,NCA,3.35,35.0,5.0,0.25586
catenaro2021,NCA_k5,NCA,3.35,5.0,0.05,3.08785
catenaro2021,NCA_k5,NCA,3.35,5.0,1.0,2.8203
catenaro2021,NCA_k5,NCA,3.35,5.0,2.0,3.00234
catenaro2021,NCA_k5,NCA,3.35,5.0,3.0,1.17627
catenaro2021,NCA_k5,NCA,3.35,5.0,5.0,0.03424
catenaro2021,NCA_k5,NCA,3.35,25.0,0.05,3.32355
catenaro2021,NCA_k5,NCA,3.35,25.0,1.0,3.23826
catenaro2021,NCA_k5,NCA,3.35,25.0,2.0,3.23937
catenaro2021,NCA_k5,NCA,3.35,25.0,3.0,2.45575
catenaro2021,NCA_k5,NCA,3.35,25.0,5.0,0.22548
catenaro2021,NCA_k5,NCA,3.35,35.0,0.05,3.34623
catenaro2021,NCA_k5,NCA,3.35,35.0,1.0,3.26841
catenaro2021,NCA_k5,NCA,3.35,35.0,2.0,3.27409
catenaro2021,NCA_k5,NCA,3.35,35.0,3.0,2.8641
catenaro2021,NCA_k5,NCA,3.35,35.0,5.0,0.17583
catenaro2021,NCA_k6,NCA,3.35,5.0,0.05,3.07287
catenaro2021,NCA_k6,NCA,3.35,5.0,1.0,2.80017
catenaro2021,NCA_k6,NCA,3.35,5.0,2.0,2.76482
catenaro2021,NCA_k6,NCA,3.35,5.0,3.0,1.2973
catenaro2021,NCA_k6,NCA,3.35,5.0,5.0,0.09982
catenaro2021,NCA_k6,NCA,3.35,25.0,0.05,3.32344
catenaro2021,NCA_k6,NCA,3.35,25.0,1.0,3.20731
catenaro2021,NCA_k6,NCA,3.35,25.0,2.0,3.09757
catenaro2021,NCA_k6,NCA,3.35,25.0,3.0,2.33582
catenaro2021,NCA_k6,NCA,3.35,25.0,5.0,0.30934
catenaro2021,NCA_k6,NCA,3.35,35.0,0.05,3.33799
catenaro2021,NCA_k6,NCA,3.35,35.0,1.0,3.25733
catenaro2021,NCA_k6,NCA,3.35,35.0,2.0,3.18866
catenaro2021,NCA_k6,NCA,3.35,35.0,3.0,2.93303
catenaro2021,NCA_k6,NCA,3.35,35.0,5.0,0.22565
catenaro2021,NMC_k1,NMC,4.85,5.0,0.05,4.68679
catenaro2021,NMC_k1,NMC,4.85,5.0,1.0,4.35273
catenaro2021,NMC_k1,NMC,4.85,5.0,2.0,3.74025
catenaro2021,NMC_k1,NMC,4.85,5.0,3.0,3.54088
catenaro2021,NMC_k1,NMC,4.85,5.0,5.0,0.40556
catenaro2021,NMC_k1,NMC,4.85,25.0,0.05,4.86128
catenaro2021,NMC_k1,NMC,4.85,25.0,1.0,4.70925
catenaro2021,NMC_k1,NMC,4.85,25.0,2.0,4.50529
catenaro2021,NMC_k1,NMC,4.85,25.0,3.0,4.55906
catenaro2021,NMC_k1,NMC,4.85,25.0,5.0,2.20148
catenaro2021,NMC_k1,NMC,4.85,35.0,0.05,4.84882
catenaro2021,NMC_k1,NMC,4.85,35.0,1.0,4.65259
catenaro2021,NMC_k1,NMC,4.85,35.0,2.0,4.55854
catenaro2021,NMC_k1,NMC,4.85,35.0,3.0,4.35458
catenaro2021,NMC_k1,NMC,4.85,35.0,5.0,2.54172
catenaro2021,NMC_k2,NMC,4.85,5.0,0.05,4.67557
catenaro2021,NMC_k2,NMC,4.85,5.0,1.0,4.24758
catenaro2021,NMC_k2,NMC,4.85,5.0,2.0,3.9969
catenaro2021,NMC_k2,NMC,4.85,5.0,3.0,3.99753
catenaro2021,NMC_k2,NMC,4.85,5.0,5.0,0.75387
catenaro2021,NMC_k2,NMC,4.85,25.0,0.05,4.88723
catenaro2021,NMC_k2,NMC,4.85,25.0,1.0,4.77232
catenaro2021,NMC_k2,NMC,4.85,25.0,2.0,4.70639
catenaro2021,NMC_k2,NMC,4.85,25.0,3.0,4.56354
catenaro2021,NMC_k2,NMC,4.85,25.0,5.0,2.20844
catenaro2021,NMC_k2,NMC,4.85,35.0,0.05,4.86073
catenaro2021,NMC_k2,NMC,4.85,35.0,1.0,4.74339
catenaro2021,NMC_k2,NMC,4.85,35.0,2.0,4.60271
catenaro2021,NMC_k2,NMC,4.85,35.0,3.0,4.38999
catenaro2021,NMC_k2,NMC,4.85,35.0,5.0,3.50315
catenaro2021,NMC_k3,NMC,4.85,5.0,0.05,4.6476
catenaro2021,NMC_k3,NMC,4.85,5.0,1.0,4.30919
catenaro2021,NMC_k3,NMC,4.85,5.0,2.0,4.12694
catenaro2021,NMC_k3,NMC,4.85,5.0,3.0,4.12998
catenaro2021,NMC_k3,NMC,4.85,5.0,5.0,3.76619
catenaro2021,NMC_k3,NMC,4.85,25.0,0.05,4.86281
catenaro2021,NMC_k3,NMC,4.85,25.0,1.0,4.74874
catenaro2021,NMC_k3,NMC,4.85,25.0,2.0,4.64524
catenaro2021,NMC_k3,NMC,4.85,25.0,3.0,4.49791
catenaro2021,NMC_k3,NMC,4.85,25.0,5.0,2.19451
catenaro2021,NMC_k3,NMC,4.85,35.0,0.05,4.80759
catenaro2021,NMC_k3,NMC,4.85,35.0,1.0,4.59298
catenaro2021,NMC_k3,NMC,4.85,35.0,2.0,4.31824
catenaro2021,NMC_k3,NMC,4.85,35.0,3.0,4.20027
catenaro2021,NMC_k3,NMC,4.85,35.0,5.0,1.94453
catenaro2021,NMC_k4,NMC,4.85,5.0,0.05,4.68688
catenaro2021,NMC_k4,NMC,4.85,5.0,1.0,4.55182
catenaro2021,NMC_k4,NMC,4.85,5.0,2.0,4.17628
catenaro2021,NMC_k4,NMC,4.85,5.0,3.0,3.98263
catenaro2021,NMC_k4,NMC,4.85,5.0,5.0,3.45942
catenaro2021,NMC_k4,NMC,4.85,25.0,0.05,4.85996
catenaro2021,NMC_k4,NMC,4.85,25.0,1.0,4.78691
catenaro2021,NMC_k4,NMC,4.85,25.0,2.0,4.50349
catenaro2021,NMC_k4,NMC,4.85,25.0,3.0,4.26813
catenaro2021,NMC_k4,NMC,4.85,25.0,5.0,2.02788
catenaro2021,NMC_k4,NMC,4.85,35.0,0.05,4.82673
catenaro2021,NMC_k4,NMC,4.85,35.0,1.0,4.74347
catenaro2021,NMC_k4,NMC,4.85,35.0,2.0,4.58022
catenaro2021,NMC_k4,NMC,4.85,35.0,3.0,4.43803
catenaro2021,NMC_k4,NMC,4.85,35.0,5.0,1.75013
catenaro2021,NMC_k5,NMC,4.85,5.0,0.05,4.64002
catenaro2021,NMC_k5,NMC,4.85,5.0,1.0,4.48879
catenaro2021,NMC_k5,NMC,4.85,5.0,2.0,4.1671
catenaro2021,NMC_k5,NMC,4.85,5.0,3.0,3.95651
catenaro2021,NMC_k5,NMC,4.85,5.0,5.0,0.89734
catenaro2021,NMC_k5,NMC,4.85,25.0,0.05,4.86464
catenaro2021,NMC_k5,NMC,4.85,25.0,1.0,4.78956
catenaro2021,NMC_k5,NMC,4.85,25.0,2.0,4.53133
catenaro2021,NMC_k5,NMC,4.85,25.0,3.0,4.57983
catenaro2021,NMC_k5,NMC,4.85,25.0,5.0,2.20841
catenaro2021,NMC_k5,NMC,4.85,35.0,0.05,4.83921
catenaro2021,NMC_k5,NMC,4.85,35.0,1.0,4.7587
catenaro2021,NMC_k5,NMC,4.85,35.0,2.0,4.53698
catenaro2021,NMC_k5,NMC,4.85,35.0,3.0,4.42267
catenaro2021,NMC_k5,NMC,4.85,35.0,5.0,2.08342
catenaro2021,NMC_k6,NMC,4.85,5.0,0.05,4.62741
catenaro2021,NMC_k6,NMC,4.85,5.0,1.0,4.42194
catenaro2021,NMC_k6,NMC,4.85,5.0,2.0,4.23626
catenaro2021,NMC_k6,NMC,4.85,5.0,3.0,3.54088
catenaro2021,NMC_k6,NMC,4.85,5.0,5.0,3.74783
catenaro2021,NMC_k6,NMC,4.85,25.0,0.05,4.87171
catenaro2021,NMC_k6,NMC,4.85,25.0,1.0,4.7335
catenaro2021,NMC_k6,NMC,4.85,25.0,2.0,4.57513
catenaro2021,NMC_k6,NMC,4.85,25.0,3.0,4.27688
catenaro2021,NMC_k6,NMC,4.85,25.0,5.0,2.06952
catenaro2021,NMC_k6,NMC,4.85,35.0,0.05,4.81065
catenaro2021,NMC_k6,NMC,4.85,35.0,1.0,4.62185
catenaro2021,NMC_k6,NMC,4.85,35.0,2.0,4.59795
catenaro2021,NMC_k6,NMC,4.85,35.0,3.0,4.45351
catenaro2021,NMC_k6,NMC,4.85,35.0,5.0,1.88901
