source,cell_id,chemistry,nominal_Ah,T_degC,c_rate_charge,c_rate_discharge,cycle,soh_pct
wheeler2025_A123_18650_LFP,Cell1a,Graphite/LFP,1.1,50.0,0.3333,0.3333,0,91.8415
wheeler2025_A123_18650_LFP,Cell1a,Graphite/LFP,1.1,50.0,0.3333,0.3333,200,86.3588
wheeler2025_A123_18650_LFP,Cell1a,Graphite/LFP,1.1,50.0,0.3333,0.3333,300,85.7089
wheeler2025_A123_18650_LFP,Cell1a,Graphite/LFP,1.1,50.0,0.3333,0.3333,400,83.629
wheeler2025_A123_18650_LFP,Cell1a,Graphite/LFP,1.1,50.0,0.3333,0.3333,500,82.1468
wheeler2025_A123_18650_LFP,Cell1a,Graphite/LFP,1.1,50.0,0.3333,0.3333,600,81.1385
wheeler2025_A123_18650_LFP,Cell1a,Graphite/LFP,1.1,50.0,0.3333,0.3333,700,80.1075
wheeler2025_A123_18650_LFP,Cell1a,Graphite/LFP,1.1,50.0,0.3333,0.3333,800,79.1111
wheeler2025_A123_18650_LFP,Cell1a,Graphite/LFP,1.1,50.0,0.3333,0.3333,900,77.8446
wheeler2025_A123_18650_LFP,Cell1a,Graphite/LFP,1.1,50.0,0.3333,0.3333,1000,77.3429
wheeler2025_A123_18650_LFP,Cell1a,Graphite/LFP,1.1,50.0,0.3333,0.3333,1100,76.4518
wheeler2025_A123_18650_LFP,Cell1a,Graphite/LFP,1.1,50.0,0.3333,0.3333,1200,75.2825
wheeler2025_A123_18650_LFP,Cell1a,Graphite/LFP,1.1,50.0,0.3333,0.3333,1300,74.4495
wheeler2025_A123_18650_LFP,Cell1a,Graphite/LFP,1.1,50.0,0.3333,0.3333,1400,73.8944
wheeler2025_A123_18650_LFP,Cell1a,Graphite/LFP,1.1,50.0,0.3333,0.3333,1500,73.0484
wheeler2025_A123_18650_LFP,Cell1a,Graphite/LFP,1.1,50.0,0.3333,0.3333,1600,71.9541
wheeler2025_A123_18650_LFP,Cell1a,Graphite/LFP,1.1,50.0,0.3333,0.3333,1700,71.0292
wheeler2025_A123_18650_LFP,Cell1a,Graphite/LFP,1.1,50.0,0.3333,0.3333,1800,69.4782
wheeler2025_A123_18650_LFP,Cell1a,Graphite/LFP,1.1,50.0,0.3333,0.3333,1900,69.1928
wheeler2025_A123_18650_LFP,Cell1a,Graphite/LFP,1.1,50.0,0.3333,0.3333,2000,67.8783
wheeler2025_A123_18650_LFP,Cell1a,Graphite/LFP,1.1,50.0,0.3333,0.3333,2100,67.3678
wheeler2025_A123_18650_LFP,Cell1a,Graphite/LFP,1.1,50.0,0.3333,0.3333,2200,66.3159
wheeler2025_A123_18650_LFP,Cell1a,Graphite/LFP,1.1,50.0,0.3333,0.3333,2300,65.0846
wheeler2025_A123_18650_LFP,Cell1a,Graphite/LFP,1.1,50.0,0.3333,0.3333,2400,64.76
wheeler2025_A123_18650_LFP,Cell1a,Graphite/LFP,1.1,50.0,0.3333,0.3333,2500,63.8926
wheeler2025_A123_18650_LFP,Cell1a,Graphite/LFP,1.1,50.0,0.3333,0.3333,2600,62.9109
wheeler2025_A123_18650_LFP,Cell1a,Graphite/LFP,1.1,50.0,0.3333,0.3333,2700,62.2975
wheeler2025_A123_18650_LFP,Cell1a,Graphite/LFP,1.1,50.0,0.3333,0.3333,2800,61.6503
wheeler2025_A123_18650_LFP,Cell1a,Graphite/LFP,1.1,50.0,0.3333,0.3333,2900,60.691
wheeler2025_A123_18650_LFP,Cell1a,Graphite/LFP,1.1,50.0,0.3333,0.3333,3000,59.9864
wheeler2025_A123_18650_LFP,Cell1a,Graphite/LFP,1.1,50.0,0.3333,0.3333,3100,59.4545
wheeler2025_A123_18650_LFP,Cell1a,Graphite/LFP,1.1,50.0,0.3333,0.3333,3200,58.713
wheeler2025_A123_18650_LFP,Cell1b,Graphite/LFP,1.1,50.0,0.3333,0.3333,0,90.5998
wheeler2025_A123_18650_LFP,Cell1b,Graphite/LFP,1.1,50.0,0.3333,0.3333,100,88.4627
wheeler2025_A123_18650_LFP,Cell1b,Graphite/LFP,1.1,50.0,0.3333,0.3333,200,84.9627
wheeler2025_A123_18650_LFP,Cell1b,Graphite/LFP,1.1,50.0,0.3333,0.3333,300,83.5287
wheeler2025_A123_18650_LFP,Cell1b,Graphite/LFP,1.1,50.0,0.3333,0.3333,400,81.6946
wheeler2025_A123_18650_LFP,Cell1b,Graphite/LFP,1.1,50.0,0.3333,0.3333,500,80.9339
wheeler2025_A123_18650_LFP,Cell1b,Graphite/LFP,1.1,50.0,0.3333,0.3333,600,79.2708
wheeler2025_A123_18650_LFP,Cell1b,Graphite/LFP,1.1,50.0,0.3333,0.3333,700,77.8921
wheeler2025_A123_18650_LFP,Cell1b,Graphite/LFP,1.1,50.0,0.3333,0.3333,800,77.5107
wheeler2025_A123_18650_LFP,Cell1b,Graphite/LFP,1.1,50.0,0.3333,0.3333,900,75.8244
wheeler2025_A123_18650_LFP,Cell1b,Graphite/LFP,1.1,50.0,0.3333,0.3333,1000,74.5472
wheeler2025_A123_18650_LFP,Cell1b,Graphite/LFP,1.1,50.0,0.3333,0.3333,1100,73.1075
wheeler2025_A123_18650_LFP,Cell1b,Graphite/LFP,1.1,50.0,0.3333,0.3333,1200,70.3395
wheeler2025_A123_18650_LFP,Cell1b,Graphite/LFP,1.1,50.0,0.3333,0.3333,1300,69.3508
wheeler2025_A123_18650_LFP,Cell1b,Graphite/LFP,1.1,50.0,0.3333,0.3333,1400,68.1205
wheeler2025_A123_18650_LFP,Cell1b,Graphite/LFP,1.1,50.0,0.3333,0.3333,1500,67.2586
wheeler2025_A123_18650_LFP,Cell1b,Graphite/LFP,1.1,50.0,0.3333,0.3333,1600,65.5446
wheeler2025_A123_18650_LFP,Cell1b,Graphite/LFP,1.1,50.0,0.3333,0.3333,1700,64.3391
wheeler2025_A123_18650_LFP,Cell1b,Graphite/LFP,1.1,50.0,0.3333,0.3333,1800,63.1745
wheeler2025_A123_18650_LFP,Cell1b,Graphite/LFP,1.1,50.0,0.3333,0.3333,1900,62.0091
wheeler2025_A123_18650_LFP,Cell1b,Graphite/LFP,1.1,50.0,0.3333,0.3333,2000,61.1981
wheeler2025_A123_18650_LFP,Cell1b,Graphite/LFP,1.1,50.0,0.3333,0.3333,2100,60.2596
wheeler2025_A123_18650_LFP,Cell1b,Graphite/LFP,1.1,50.0,0.3333,0.3333,2200,59.0819
wheeler2025_A123_18650_LFP,Cell1b,Graphite/LFP,1.1,50.0,0.3333,0.3333,2300,58.4644
wheeler2025_A123_18650_LFP,Cell1b,Graphite/LFP,1.1,50.0,0.3333,0.3333,2400,57.5448
wheeler2025_A123_18650_LFP,Cell1b,Graphite/LFP,1.1,50.0,0.3333,0.3333,2500,56.7671
wheeler2025_A123_18650_LFP,Cell1b,Graphite/LFP,1.1,50.0,0.3333,0.3333,2600,55.91
wheeler2025_A123_18650_LFP,Cell1b,Graphite/LFP,1.1,50.0,0.3333,0.3333,2700,55.1484
wheeler2025_A123_18650_LFP,Cell1b,Graphite/LFP,1.1,50.0,0.3333,0.3333,2800,54.3475
wheeler2025_A123_18650_LFP,Cell1b,Graphite/LFP,1.1,50.0,0.3333,0.3333,2900,53.1883
wheeler2025_A123_18650_LFP,Cell1b,Graphite/LFP,1.1,50.0,0.3333,0.3333,3000,52.7311
wheeler2025_A123_18650_LFP,Cell1b,Graphite/LFP,1.1,50.0,0.3333,0.3333,3100,52.0533
wheeler2025_A123_18650_LFP,Cell1b,Graphite/LFP,1.1,50.0,0.3333,0.3333,3200,51.4411
wheeler2025_A123_18650_LFP,Cell1b,Graphite/LFP,1.1,50.0,0.3333,0.3333,3300,50.6116
wheeler2025_A123_18650_LFP,Cell1c,Graphite/LFP,1.1,50.0,0.3333,0.3333,0,93.2104
wheeler2025_A123_18650_LFP,Cell1c,Graphite/LFP,1.1,50.0,0.3333,0.3333,100,89.8183
wheeler2025_A123_18650_LFP,Cell1c,Graphite/LFP,1.1,50.0,0.3333,0.3333,200,87.1286
wheeler2025_A123_18650_LFP,Cell1c,Graphite/LFP,1.1,50.0,0.3333,0.3333,300,85.2825
wheeler2025_A123_18650_LFP,Cell1c,Graphite/LFP,1.1,50.0,0.3333,0.3333,400,84.1525
wheeler2025_A123_18650_LFP,Cell1c,Graphite/LFP,1.1,50.0,0.3333,0.3333,500,82.6819
wheeler2025_A123_18650_LFP,Cell1c,Graphite/LFP,1.1,50.0,0.3333,0.3333,600,81.6761
wheeler2025_A123_18650_LFP,Cell1c,Graphite/LFP,1.1,50.0,0.3333,0.3333,700,80.6405
wheeler2025_A123_18650_LFP,Cell1c,Graphite/LFP,1.1,50.0,0.3333,0.3333,800,79.6147
wheeler2025_A123_18650_LFP,Cell1c,Graphite/LFP,1.1,50.0,0.3333,0.3333,900,78.3209
wheeler2025_A123_18650_LFP,Cell1c,Graphite/LFP,1.1,50.0,0.3333,0.3333,1000,77.8822
wheeler2025_A123_18650_LFP,Cell1c,Graphite/LFP,1.1,50.0,0.3333,0.3333,1100,76.8523
wheeler2025_A123_18650_LFP,Cell1c,Graphite/LFP,1.1,50.0,0.3333,0.3333,1200,75.6129
wheeler2025_A123_18650_LFP,Cell1c,Graphite/LFP,1.1,50.0,0.3333,0.3333,1300,74.7041
wheeler2025_A123_18650_LFP,Cell1c,Graphite/LFP,1.1,50.0,0.3333,0.3333,1400,74.0625
wheeler2025_A123_18650_LFP,Cell1c,Graphite/LFP,1.1,50.0,0.3333,0.3333,1500,73.1069
wheeler2025_A123_18650_LFP,Cell1c,Graphite/LFP,1.1,50.0,0.3333,0.3333,1600,71.9622
wheeler2025_A123_18650_LFP,Cell1c,Graphite/LFP,1.1,50.0,0.3333,0.3333,1700,70.9153
wheeler2025_A123_18650_LFP,Cell1c,Graphite/LFP,1.1,50.0,0.3333,0.3333,1800,69.3798
wheeler2025_A123_18650_LFP,Cell1c,Graphite/LFP,1.1,50.0,0.3333,0.3333,1900,69.0794
wheeler2025_A123_18650_LFP,Cell1c,Graphite/LFP,1.1,50.0,0.3333,0.3333,2000,67.7193
wheeler2025_A123_18650_LFP,Cell1c,Graphite/LFP,1.1,50.0,0.3333,0.3333,2100,67.337
wheeler2025_A123_18650_LFP,Cell1c,Graphite/LFP,1.1,50.0,0.3333,0.3333,2200,65.9435
wheeler2025_A123_18650_LFP,Cell1c,Graphite/LFP,1.1,50.0,0.3333,0.3333,2300,64.8177
wheeler2025_A123_18650_LFP,Cell1c,Graphite/LFP,1.1,50.0,0.3333,0.3333,2400,64.3358
wheeler2025_A123_18650_LFP,Cell1c,Graphite/LFP,1.1,50.0,0.3333,0.3333,2500,63.4559
wheeler2025_A123_18650_LFP,Cell1c,Graphite/LFP,1.1,50.0,0.3333,0.3333,2600,62.4859
wheeler2025_A123_18650_LFP,Cell1c,Graphite/LFP,1.1,50.0,0.3333,0.3333,2700,61.8156
wheeler2025_A123_18650_LFP,Cell1c,Graphite/LFP,1.1,50.0,0.3333,0.3333,2800,61.1363
wheeler2025_A123_18650_LFP,Cell1c,Graphite/LFP,1.1,50.0,0.3333,0.3333,2900,60.1202
wheeler2025_A123_18650_LFP,Cell1c,Graphite/LFP,1.1,50.0,0.3333,0.3333,3000,59.3915
wheeler2025_A123_18650_LFP,Cell1c,Graphite/LFP,1.1,50.0,0.3333,0.3333,3100,58.9148
wheeler2025_A123_18650_LFP,Cell1c,Graphite/LFP,1.1,50.0,0.3333,0.3333,3200,58.1489
wheeler2025_A123_18650_LFP,Cell2a,Graphite/LFP,1.1,50.0,0.3333,0.3333,0,88.3477
wheeler2025_A123_18650_LFP,Cell2a,Graphite/LFP,1.1,50.0,0.3333,0.3333,200,82.9985
wheeler2025_A123_18650_LFP,Cell2a,Graphite/LFP,1.1,50.0,0.3333,0.3333,300,81.4927
wheeler2025_A123_18650_LFP,Cell2a,Graphite/LFP,1.1,50.0,0.3333,0.3333,400,80.1475
wheeler2025_A123_18650_LFP,Cell2a,Graphite/LFP,1.1,50.0,0.3333,0.3333,500,78.6586
wheeler2025_A123_18650_LFP,Cell2a,Graphite/LFP,1.1,50.0,0.3333,0.3333,600,78.2611
wheeler2025_A123_18650_LFP,Cell2a,Graphite/LFP,1.1,50.0,0.3333,0.3333,700,77.5125
wheeler2025_A123_18650_LFP,Cell2a,Graphite/LFP,1.1,50.0,0.3333,0.3333,800,75.9682
wheeler2025_A123_18650_LFP,Cell2a,Graphite/LFP,1.1,50.0,0.3333,0.3333,900,75.0398
wheeler2025_A123_18650_LFP,Cell2a,Graphite/LFP,1.1,50.0,0.3333,0.3333,1000,74.5458
wheeler2025_A123_18650_LFP,Cell2a,Graphite/LFP,1.1,50.0,0.3333,0.3333,1100,72.3419
wheeler2025_A123_18650_LFP,Cell2a,Graphite/LFP,1.1,50.0,0.3333,0.3333,1200,69.6408
wheeler2025_A123_18650_LFP,Cell2a,Graphite/LFP,1.1,50.0,0.3333,0.3333,1300,69.0041
wheeler2025_A123_18650_LFP,Cell2a,Graphite/LFP,1.1,50.0,0.3333,0.3333,1400,67.9532
wheeler2025_A123_18650_LFP,Cell2a,Graphite/LFP,1.1,50.0,0.3333,0.3333,1500,67.1588
wheeler2025_A123_18650_LFP,Cell2a,Graphite/LFP,1.1,50.0,0.3333,0.3333,1600,65.2675
wheeler2025_A123_18650_LFP,Cell2a,Graphite/LFP,1.1,50.0,0.3333,0.3333,1700,65.3706
wheeler2025_A123_18650_LFP,Cell2a,Graphite/LFP,1.1,50.0,0.3333,0.3333,1800,62.7222
wheeler2025_A123_18650_LFP,Cell2a,Graphite/LFP,1.1,50.0,0.3333,0.3333,1900,61.4238
wheeler2025_A123_18650_LFP,Cell2a,Graphite/LFP,1.1,50.0,0.3333,0.3333,2000,60.5976
wheeler2025_A123_18650_LFP,Cell2a,Graphite/LFP,1.1,50.0,0.3333,0.3333,2100,59.5075
wheeler2025_A123_18650_LFP,Cell2a,Graphite/LFP,1.1,50.0,0.3333,0.3333,2200,58.2784
wheeler2025_A123_18650_LFP,Cell2a,Graphite/LFP,1.1,50.0,0.3333,0.3333,2300,57.5252
wheeler2025_A123_18650_LFP,Cell2a,Graphite/LFP,1.1,50.0,0.3333,0.3333,2400,56.4288
wheeler2025_A123_18650_LFP,Cell2a,Graphite/LFP,1.1,50.0,0.3333,0.3333,2500,55.5623
wheeler2025_A123_18650_LFP,Cell2a,Graphite/LFP,1.1,50.0,0.3333,0.3333,2600,54.6099
wheeler2025_A123_18650_LFP,Cell2a,Graphite/LFP,1.1,50.0,0.3333,0.3333,2700,53.7521
wheeler2025_A123_18650_LFP,Cell2a,Graphite/LFP,1.1,50.0,0.3333,0.3333,2800,53.0674
wheeler2025_A123_18650_LFP,Cell2a,Graphite/LFP,1.1,50.0,0.3333,0.3333,2900,52.0773
wheeler2025_A123_18650_LFP,Cell2a,Graphite/LFP,1.1,50.0,0.3333,0.3333,3000,51.5664
wheeler2025_A123_18650_LFP,Cell2a,Graphite/LFP,1.1,50.0,0.3333,0.3333,3100,50.255
wheeler2025_A123_18650_LFP,Cell2a,Graphite/LFP,1.1,50.0,0.3333,0.3333,3200,49.5361
wheeler2025_A123_18650_LFP,Cell2a,Graphite/LFP,1.1,50.0,0.3333,0.3333,3300,48.5997
wheeler2025_A123_18650_LFP,Cell2b,Graphite/LFP,1.1,50.0,0.3333,0.3333,0,90.2023
wheeler2025_A123_18650_LFP,Cell2b,Graphite/LFP,1.1,50.0,0.3333,0.3333,100,87.1795
wheeler2025_A123_18650_LFP,Cell2b,Graphite/LFP,1.1,50.0,0.3333,0.3333,200,84.4764
wheeler2025_A123_18650_LFP,Cell2b,Graphite/LFP,1.1,50.0,0.3333,0.3333,300,82.7952
wheeler2025_A123_18650_LFP,Cell2b,Graphite/LFP,1.1,50.0,0.3333,0.3333,400,81.3964
wheeler2025_A123_18650_LFP,Cell2b,Graphite/LFP,1.1,50.0,0.3333,0.3333,500,79.8585
wheeler2025_A123_18650_LFP,Cell2b,Graphite/LFP,1.1,50.0,0.3333,0.3333,600,79.5625
wheeler2025_A123_18650_LFP,Cell2b,Graphite/LFP,1.1,50.0,0.3333,0.3333,700,78.6736
wheeler2025_A123_18650_LFP,Cell2b,Graphite/LFP,1.1,50.0,0.3333,0.3333,800,77.1149
wheeler2025_A123_18650_LFP,Cell2b,Graphite/LFP,1.1,50.0,0.3333,0.3333,900,75.9616
wheeler2025_A123_18650_LFP,Cell2b,Graphite/LFP,1.1,50.0,0.3333,0.3333,1000,75.3973
wheeler2025_A123_18650_LFP,Cell2b,Graphite/LFP,1.1,50.0,0.3333,0.3333,1100,73.1719
wheeler2025_A123_18650_LFP,Cell2b,Graphite/LFP,1.1,50.0,0.3333,0.3333,1200,70.4683
wheeler2025_A123_18650_LFP,Cell2b,Graphite/LFP,1.1,50.0,0.3333,0.3333,1300,69.6855
wheeler2025_A123_18650_LFP,Cell2b,Graphite/LFP,1.1,50.0,0.3333,0.3333,1400,68.4763
wheeler2025_A123_18650_LFP,Cell2b,Graphite/LFP,1.1,50.0,0.3333,0.3333,1500,67.52
wheeler2025_A123_18650_LFP,Cell2b,Graphite/LFP,1.1,50.0,0.3333,0.3333,1600,66.8538
wheeler2025_A123_18650_LFP,Cell2b,Graphite/LFP,1.1,50.0,0.3333,0.3333,1700,64.2715
wheeler2025_A123_18650_LFP,Cell2b,Graphite/LFP,1.1,50.0,0.3333,0.3333,1800,62.8526
wheeler2025_A123_18650_LFP,Cell2b,Graphite/LFP,1.1,50.0,0.3333,0.3333,1900,61.5014
wheeler2025_A123_18650_LFP,Cell2b,Graphite/LFP,1.1,50.0,0.3333,0.3333,2000,60.5557
wheeler2025_A123_18650_LFP,Cell2b,Graphite/LFP,1.1,50.0,0.3333,0.3333,2100,59.4101
wheeler2025_A123_18650_LFP,Cell2b,Graphite/LFP,1.1,50.0,0.3333,0.3333,2200,58.1745
wheeler2025_A123_18650_LFP,Cell2b,Graphite/LFP,1.1,50.0,0.3333,0.3333,2300,57.3564
wheeler2025_A123_18650_LFP,Cell2b,Graphite/LFP,1.1,50.0,0.3333,0.3333,2400,56.2392
wheeler2025_A123_18650_LFP,Cell2b,Graphite/LFP,1.1,50.0,0.3333,0.3333,2500,55.3484
wheeler2025_A123_18650_LFP,Cell2b,Graphite/LFP,1.1,50.0,0.3333,0.3333,2600,54.377
wheeler2025_A123_18650_LFP,Cell2b,Graphite/LFP,1.1,50.0,0.3333,0.3333,2700,53.4974
wheeler2025_A123_18650_LFP,Cell2b,Graphite/LFP,1.1,50.0,0.3333,0.3333,2800,52.8295
wheeler2025_A123_18650_LFP,Cell2b,Graphite/LFP,1.1,50.0,0.3333,0.3333,2900,51.8147
wheeler2025_A123_18650_LFP,Cell2b,Graphite/LFP,1.1,50.0,0.3333,0.3333,3000,50.7871
wheeler2025_A123_18650_LFP,Cell2b,Graphite/LFP,1.1,50.0,0.3333,0.3333,3100,50.0502
wheeler2025_A123_18650_LFP,Cell2b,Graphite/LFP,1.1,50.0,0.3333,0.3333,3200,49.3041
wheeler2025_A123_18650_LFP,Cell2b,Graphite/LFP,1.1,50.0,0.3333,0.3333,3300,49.2196
wheeler2025_A123_18650_LFP,Cell2c,Graphite/LFP,1.1,50.0,0.3333,0.3333,0,90.1476
wheeler2025_A123_18650_LFP,Cell2c,Graphite/LFP,1.1,50.0,0.3333,0.3333,200,85.3701
wheeler2025_A123_18650_LFP,Cell2c,Graphite/LFP,1.1,50.0,0.3333,0.3333,300,82.8112
wheeler2025_A123_18650_LFP,Cell2c,Graphite/LFP,1.1,50.0,0.3333,0.3333,400,81.3304
wheeler2025_A123_18650_LFP,Cell2c,Graphite/LFP,1.1,50.0,0.3333,0.3333,500,79.8099
wheeler2025_A123_18650_LFP,Cell2c,Graphite/LFP,1.1,50.0,0.3333,0.3333,600,80.0408
wheeler2025_A123_18650_LFP,Cell2c,Graphite/LFP,1.1,50.0,0.3333,0.3333,700,78.7876
wheeler2025_A123_18650_LFP,Cell2c,Graphite/LFP,1.1,50.0,0.3333,0.3333,800,77.1658
wheeler2025_A123_18650_LFP,Cell2c,Graphite/LFP,1.1,50.0,0.3333,0.3333,900,76.041
wheeler2025_A123_18650_LFP,Cell2c,Graphite/LFP,1.1,50.0,0.3333,0.3333,1000,75.5365
wheeler2025_A123_18650_LFP,Cell2c,Graphite/LFP,1.1,50.0,0.3333,0.3333,1100,73.4765
wheeler2025_A123_18650_LFP,Cell2c,Graphite/LFP,1.1,50.0,0.3333,0.3333,1200,73.645
wheeler2025_A123_18650_LFP,Cell2c,Graphite/LFP,1.1,50.0,0.3333,0.3333,1300,71.7419
wheeler2025_A123_18650_LFP,Cell2c,Graphite/LFP,1.1,50.0,0.3333,0.3333,1400,69.9545
wheeler2025_A123_18650_LFP,Cell2c,Graphite/LFP,1.1,50.0,0.3333,0.3333,1500,69.0746
wheeler2025_A123_18650_LFP,Cell2c,Graphite/LFP,1.1,50.0,0.3333,0.3333,1600,67.2267
wheeler2025_A123_18650_LFP,Cell2c,Graphite/LFP,1.1,50.0,0.3333,0.3333,1700,65.9417
wheeler2025_A123_18650_LFP,Cell2c,Graphite/LFP,1.1,50.0,0.3333,0.3333,1800,65.6917
wheeler2025_A123_18650_LFP,Cell2c,Graphite/LFP,1.1,50.0,0.3333,0.3333,1900,64.5728
wheeler2025_A123_18650_LFP,Cell2c,Graphite/LFP,1.1,50.0,0.3333,0.3333,2000,62.7977
wheeler2025_A123_18650_LFP,Cell2c,Graphite/LFP,1.1,50.0,0.3333,0.3333,2100,62.1125
wheeler2025_A123_18650_LFP,Cell2c,Graphite/LFP,1.1,50.0,0.3333,0.3333,2200,60.5197
wheeler2025_A123_18650_LFP,Cell2c,Graphite/LFP,1.1,50.0,0.3333,0.3333,2300,59.7263
wheeler2025_A123_18650_LFP,Cell2c,Graphite/LFP,1.1,50.0,0.3333,0.3333,2400,58.7125
wheeler2025_A123_18650_LFP,Cell2c,Graphite/LFP,1.1,50.0,0.3333,0.3333,2500,58.1393
wheeler2025_A123_18650_LFP,Cell2c,Graphite/LFP,1.1,50.0,0.3333,0.3333,2600,56.8846
wheeler2025_A123_18650_LFP,Cell2c,Graphite/LFP,1.1,50.0,0.3333,0.3333,2700,56.019
wheeler2025_A123_18650_LFP,Cell2c,Graphite/LFP,1.1,50.0,0.3333,0.3333,2800,55.1364
wheeler2025_A123_18650_LFP,Cell2c,Graphite/LFP,1.1,50.0,0.3333,0.3333,2900,53.8921
wheeler2025_A123_18650_LFP,Cell2c,Graphite/LFP,1.1,50.0,0.3333,0.3333,3000,53.3265
wheeler2025_A123_18650_LFP,Cell2c,Graphite/LFP,1.1,50.0,0.3333,0.3333,3100,52.5587
wheeler2025_A123_18650_LFP,Cell2c,Graphite/LFP,1.1,50.0,0.3333,0.3333,3200,51.9039
wheeler2025_A123_18650_LFP,Cell2c,Graphite/LFP,1.1,50.0,0.3333,0.3333,3300,51.0018
wheeler2025_A123_18650_LFP,Cell3a,Graphite/LFP,1.1,50.0,0.3333,0.3333,0,91.1868
wheeler2025_A123_18650_LFP,Cell3a,Graphite/LFP,1.1,50.0,0.3333,0.3333,150,86.1603
wheeler2025_A123_18650_LFP,Cell3a,Graphite/LFP,1.1,50.0,0.3333,0.3333,200,84.8537
wheeler2025_A123_18650_LFP,Cell3a,Graphite/LFP,1.1,50.0,0.3333,0.3333,300,82.9708
wheeler2025_A123_18650_LFP,Cell3a,Graphite/LFP,1.1,50.0,0.3333,0.3333,400,81.5868
wheeler2025_A123_18650_LFP,Cell3a,Graphite/LFP,1.1,50.0,0.3333,0.3333,500,80.6705
wheeler2025_A123_18650_LFP,Cell3a,Graphite/LFP,1.1,50.0,0.3333,0.3333,600,79.6315
wheeler2025_A123_18650_LFP,Cell3a,Graphite/LFP,1.1,50.0,0.3333,0.3333,700,78.8981
wheeler2025_A123_18650_LFP,Cell3a,Graphite/LFP,1.1,50.0,0.3333,0.3333,800,76.9507
wheeler2025_A123_18650_LFP,Cell3a,Graphite/LFP,1.1,50.0,0.3333,0.3333,900,75.6095
wheeler2025_A123_18650_LFP,Cell3a,Graphite/LFP,1.1,50.0,0.3333,0.3333,1000,74.6836
wheeler2025_A123_18650_LFP,Cell3a,Graphite/LFP,1.1,50.0,0.3333,0.3333,1100,73.7685
wheeler2025_A123_18650_LFP,Cell3a,Graphite/LFP,1.1,50.0,0.3333,0.3333,1200,73.1684
wheeler2025_A123_18650_LFP,Cell3a,Graphite/LFP,1.1,50.0,0.3333,0.3333,1300,71.0594
wheeler2025_A123_18650_LFP,Cell3a,Graphite/LFP,1.1,50.0,0.3333,0.3333,1400,70.2309
wheeler2025_A123_18650_LFP,Cell3a,Graphite/LFP,1.1,50.0,0.3333,0.3333,1500,69.0622
wheeler2025_A123_18650_LFP,Cell3a,Graphite/LFP,1.1,50.0,0.3333,0.3333,1600,67.8134
wheeler2025_A123_18650_LFP,Cell3a,Graphite/LFP,1.1,50.0,0.3333,0.3333,1700,67.0838
wheeler2025_A123_18650_LFP,Cell3a,Graphite/LFP,1.1,50.0,0.3333,0.3333,1800,65.2558
wheeler2025_A123_18650_LFP,Cell3a,Graphite/LFP,1.1,50.0,0.3333,0.3333,1900,63.7344
wheeler2025_A123_18650_LFP,Cell3a,Graphite/LFP,1.1,50.0,0.3333,0.3333,2000,62.7145
wheeler2025_A123_18650_LFP,Cell3a,Graphite/LFP,1.1,50.0,0.3333,0.3333,2100,61.7383
wheeler2025_A123_18650_LFP,Cell3a,Graphite/LFP,1.1,50.0,0.3333,0.3333,2200,60.9284
wheeler2025_A123_18650_LFP,Cell3a,Graphite/LFP,1.1,50.0,0.3333,0.3333,2300,60.0935
wheeler2025_A123_18650_LFP,Cell3a,Graphite/LFP,1.1,50.0,0.3333,0.3333,2400,59.0313
wheeler2025_A123_18650_LFP,Cell3a,Graphite/LFP,1.1,50.0,0.3333,0.3333,2500,58.1555
wheeler2025_A123_18650_LFP,Cell3a,Graphite/LFP,1.1,50.0,0.3333,0.3333,2600,57.3166
wheeler2025_A123_18650_LFP,Cell3a,Graphite/LFP,1.1,50.0,0.3333,0.3333,2700,56.3983
wheeler2025_A123_18650_LFP,Cell3a,Graphite/LFP,1.1,50.0,0.3333,0.3333,2800,55.5437
wheeler2025_A123_18650_LFP,Cell3a,Graphite/LFP,1.1,50.0,0.3333,0.3333,2900,54.7259
wheeler2025_A123_18650_LFP,Cell3a,Graphite/LFP,1.1,50.0,0.3333,0.3333,3000,53.9513
wheeler2025_A123_18650_LFP,Cell3a,Graphite/LFP,1.1,50.0,0.3333,0.3333,3100,53.1714
wheeler2025_A123_18650_LFP,Cell3a,Graphite/LFP,1.1,50.0,0.3333,0.3333,3200,52.5672
wheeler2025_A123_18650_LFP,Cell3a,Graphite/LFP,1.1,50.0,0.3333,0.3333,3300,52.139
wheeler2025_A123_18650_LFP,Cell3a,Graphite/LFP,1.1,50.0,0.3333,0.3333,3400,51.5753
wheeler2025_A123_18650_LFP,Cell3a,Graphite/LFP,1.1,50.0,0.3333,0.3333,3500,50.8774
wheeler2025_A123_18650_LFP,Cell3a,Graphite/LFP,1.1,50.0,0.3333,0.3333,3600,50.163
wheeler2025_A123_18650_LFP,Cell3a,Graphite/LFP,1.1,50.0,0.3333,0.3333,3700,49.4734
wheeler2025_A123_18650_LFP,Cell3a,Graphite/LFP,1.1,50.0,0.3333,0.3333,3800,49.0389
wheeler2025_A123_18650_LFP,Cell3a,Graphite/LFP,1.1,50.0,0.3333,0.3333,3900,48.4295
wheeler2025_A123_18650_LFP,Cell3b,Graphite/LFP,1.1,50.0,0.3333,0.3333,0,89.9315
wheeler2025_A123_18650_LFP,Cell3b,Graphite/LFP,1.1,50.0,0.3333,0.3333,100,88.3802
wheeler2025_A123_18650_LFP,Cell3b,Graphite/LFP,1.1,50.0,0.3333,0.3333,150,85.4964
wheeler2025_A123_18650_LFP,Cell3b,Graphite/LFP,1.1,50.0,0.3333,0.3333,200,84.4122
wheeler2025_A123_18650_LFP,Cell3b,Graphite/LFP,1.1,50.0,0.3333,0.3333,300,82.579
wheeler2025_A123_18650_LFP,Cell3b,Graphite/LFP,1.1,50.0,0.3333,0.3333,400,81.1874
wheeler2025_A123_18650_LFP,Cell3b,Graphite/LFP,1.1,50.0,0.3333,0.3333,500,80.2195
wheeler2025_A123_18650_LFP,Cell3b,Graphite/LFP,1.1,50.0,0.3333,0.3333,600,79.1668
wheeler2025_A123_18650_LFP,Cell3b,Graphite/LFP,1.1,50.0,0.3333,0.3333,700,78.5739
wheeler2025_A123_18650_LFP,Cell3b,Graphite/LFP,1.1,50.0,0.3333,0.3333,800,76.5178
wheeler2025_A123_18650_LFP,Cell3b,Graphite/LFP,1.1,50.0,0.3333,0.3333,900,75.1379
wheeler2025_A123_18650_LFP,Cell3b,Graphite/LFP,1.1,50.0,0.3333,0.3333,1000,74.2422
wheeler2025_A123_18650_LFP,Cell3b,Graphite/LFP,1.1,50.0,0.3333,0.3333,1100,73.3245
wheeler2025_A123_18650_LFP,Cell3b,Graphite/LFP,1.1,50.0,0.3333,0.3333,1200,72.8055
wheeler2025_A123_18650_LFP,Cell3b,Graphite/LFP,1.1,50.0,0.3333,0.3333,1300,71.6068
wheeler2025_A123_18650_LFP,Cell3b,Graphite/LFP,1.1,50.0,0.3333,0.3333,1400,69.9536
wheeler2025_A123_18650_LFP,Cell3b,Graphite/LFP,1.1,50.0,0.3333,0.3333,1500,68.7557
wheeler2025_A123_18650_LFP,Cell3b,Graphite/LFP,1.1,50.0,0.3333,0.3333,1600,67.7315
wheeler2025_A123_18650_LFP,Cell3b,Graphite/LFP,1.1,50.0,0.3333,0.3333,1700,66.504
wheeler2025_A123_18650_LFP,Cell3b,Graphite/LFP,1.1,50.0,0.3333,0.3333,1800,64.9867
wheeler2025_A123_18650_LFP,Cell3b,Graphite/LFP,1.1,50.0,0.3333,0.3333,1900,63.7165
wheeler2025_A123_18650_LFP,Cell3b,Graphite/LFP,1.1,50.0,0.3333,0.3333,2000,63.0868
wheeler2025_A123_18650_LFP,Cell3b,Graphite/LFP,1.1,50.0,0.3333,0.3333,2100,62.1778
wheeler2025_A123_18650_LFP,Cell3b,Graphite/LFP,1.1,50.0,0.3333,0.3333,2200,61.5682
wheeler2025_A123_18650_LFP,Cell3b,Graphite/LFP,1.1,50.0,0.3333,0.3333,2300,60.8142
wheeler2025_A123_18650_LFP,Cell3b,Graphite/LFP,1.1,50.0,0.3333,0.3333,2400,59.8765
wheeler2025_A123_18650_LFP,Cell3b,Graphite/LFP,1.1,50.0,0.3333,0.3333,2500,59.1975
wheeler2025_A123_18650_LFP,Cell3b,Graphite/LFP,1.1,50.0,0.3333,0.3333,2600,58.4275
wheeler2025_A123_18650_LFP,Cell3b,Graphite/LFP,1.1,50.0,0.3333,0.3333,2700,57.5081
wheeler2025_A123_18650_LFP,Cell3b,Graphite/LFP,1.1,50.0,0.3333,0.3333,2800,56.7262
wheeler2025_A123_18650_LFP,Cell3b,Graphite/LFP,1.1,50.0,0.3333,0.3333,2900,55.986
wheeler2025_A123_18650_LFP,Cell3b,Graphite/LFP,1.1,50.0,0.3333,0.3333,3000,55.2937
wheeler2025_A123_18650_LFP,Cell3b,Graphite/LFP,1.1,50.0,0.3333,0.3333,3100,54.5975
wheeler2025_A123_18650_LFP,Cell3b,Graphite/LFP,1.1,50.0,0.3333,0.3333,3200,54.065
wheeler2025_A123_18650_LFP,Cell3b,Graphite/LFP,1.1,50.0,0.3333,0.3333,3300,53.5594
wheeler2025_A123_18650_LFP,Cell3b,Graphite/LFP,1.1,50.0,0.3333,0.3333,3400,53.2066
wheeler2025_A123_18650_LFP,Cell3b,Graphite/LFP,1.1,50.0,0.3333,0.3333,3500,52.7959
wheeler2025_A123_18650_LFP,Cell3b,Graphite/LFP,1.1,50.0,0.3333,0.3333,3600,52.0819
wheeler2025_A123_18650_LFP,Cell3b,Graphite/LFP,1.1,50.0,0.3333,0.3333,3700,51.4531
wheeler2025_A123_18650_LFP,Cell3b,Graphite/LFP,1.1,50.0,0.3333,0.3333,3800,51.0678
wheeler2025_A123_18650_LFP,Cell3b,Graphite/LFP,1.1,50.0,0.3333,0.3333,3900,50.3892
wheeler2025_A123_18650_LFP,Cell4a,Graphite/LFP,1.1,50.0,2.0,0.3333,0,92.2469
wheeler2025_A123_18650_LFP,Cell4a,Graphite/LFP,1.1,50.0,2.0,0.3333,100,89.7818
wheeler2025_A123_18650_LFP,Cell4a,Graphite/LFP,1.1,50.0,2.0,0.3333,200,87.15
wheeler2025_A123_18650_LFP,Cell4a,Graphite/LFP,1.1,50.0,2.0,0.3333,300,85.2067
wheeler2025_A123_18650_LFP,Cell4a,Graphite/LFP,1.1,50.0,2.0,0.3333,400,83.8513
wheeler2025_A123_18650_LFP,Cell4a,Graphite/LFP,1.1,50.0,2.0,0.3333,500,82.9604
wheeler2025_A123_18650_LFP,Cell4a,Graphite/LFP,1.1,50.0,2.0,0.3333,600,81.8947
wheeler2025_A123_18650_LFP,Cell4a,Graphite/LFP,1.1,50.0,2.0,0.3333,700,81.3936
wheeler2025_A123_18650_LFP,Cell4a,Graphite/LFP,1.1,50.0,2.0,0.3333,800,79.8967
wheeler2025_A123_18650_LFP,Cell4a,Graphite/LFP,1.1,50.0,2.0,0.3333,900,79.2239
wheeler2025_A123_18650_LFP,Cell4a,Graphite/LFP,1.1,50.0,2.0,0.3333,1000,77.9759
wheeler2025_A123_18650_LFP,Cell4a,Graphite/LFP,1.1,50.0,2.0,0.3333,1100,77.5841
wheeler2025_A123_18650_LFP,Cell4a,Graphite/LFP,1.1,50.0,2.0,0.3333,1200,76.1194
wheeler2025_A123_18650_LFP,Cell4a,Graphite/LFP,1.1,50.0,2.0,0.3333,1300,75.6995
wheeler2025_A123_18650_LFP,Cell4a,Graphite/LFP,1.1,50.0,2.0,0.3333,1400,74.9199
wheeler2025_A123_18650_LFP,Cell4a,Graphite/LFP,1.1,50.0,2.0,0.3333,1500,73.5673
wheeler2025_A123_18650_LFP,Cell4a,Graphite/LFP,1.1,50.0,2.0,0.3333,1600,71.5531
wheeler2025_A123_18650_LFP,Cell4a,Graphite/LFP,1.1,50.0,2.0,0.3333,1700,70.8427
wheeler2025_A123_18650_LFP,Cell4a,Graphite/LFP,1.1,50.0,2.0,0.3333,1800,70.2683
wheeler2025_A123_18650_LFP,Cell4a,Graphite/LFP,1.1,50.0,2.0,0.3333,1900,69.5765
wheeler2025_A123_18650_LFP,Cell4a,Graphite/LFP,1.1,50.0,2.0,0.3333,2000,68.7774
wheeler2025_A123_18650_LFP,Cell4a,Graphite/LFP,1.1,50.0,2.0,0.3333,2100,68.0474
wheeler2025_A123_18650_LFP,Cell4a,Graphite/LFP,1.1,50.0,2.0,0.3333,2200,66.9353
wheeler2025_A123_18650_LFP,Cell4a,Graphite/LFP,1.1,50.0,2.0,0.3333,2300,65.926
wheeler2025_A123_18650_LFP,Cell4a,Graphite/LFP,1.1,50.0,2.0,0.3333,2400,64.5329
wheeler2025_A123_18650_LFP,Cell4a,Graphite/LFP,1.1,50.0,2.0,0.3333,2500,63.3675
wheeler2025_A123_18650_LFP,Cell4a,Graphite/LFP,1.1,50.0,2.0,0.3333,2600,62.1572
wheeler2025_A123_18650_LFP,Cell4a,Graphite/LFP,1.1,50.0,2.0,0.3333,2700,61.662
wheeler2025_A123_18650_LFP,Cell4a,Graphite/LFP,1.1,50.0,2.0,0.3333,2800,60.8295
wheeler2025_A123_18650_LFP,Cell4a,Graphite/LFP,1.1,50.0,2.0,0.3333,2900,59.9449
wheeler2025_A123_18650_LFP,Cell4a,Graphite/LFP,1.1,50.0,2.0,0.3333,3000,59.0821
wheeler2025_A123_18650_LFP,Cell4a,Graphite/LFP,1.1,50.0,2.0,0.3333,3100,58.2775
wheeler2025_A123_18650_LFP,Cell4a,Graphite/LFP,1.1,50.0,2.0,0.3333,3200,57.4763
wheeler2025_A123_18650_LFP,Cell4a,Graphite/LFP,1.1,50.0,2.0,0.3333,3300,56.6916
wheeler2025_A123_18650_LFP,Cell4a,Graphite/LFP,1.1,50.0,2.0,0.3333,3400,55.8848
wheeler2025_A123_18650_LFP,Cell4a,Graphite/LFP,1.1,50.0,2.0,0.3333,3500,55.1799
wheeler2025_A123_18650_LFP,Cell4a,Graphite/LFP,1.1,50.0,2.0,0.3333,3600,54.4123
wheeler2025_A123_18650_LFP,Cell4a,Graphite/LFP,1.1,50.0,2.0,0.3333,3700,53.7204
wheeler2025_A123_18650_LFP,Cell4a,Graphite/LFP,1.1,50.0,2.0,0.3333,3800,52.6266
wheeler2025_A123_18650_LFP,Cell4a,Graphite/LFP,1.1,50.0,2.0,0.3333,3900,52.2646
wheeler2025_A123_18650_LFP,Cell4a,Graphite/LFP,1.1,50.0,2.0,0.3333,4000,51.5274
wheeler2025_A123_18650_LFP,Cell4a,Graphite/LFP,1.1,50.0,2.0,0.3333,4100,50.7627
wheeler2025_A123_18650_LFP,Cell4a,Graphite/LFP,1.1,50.0,2.0,0.3333,4200,50.1881
wheeler2025_A123_18650_LFP,Cell4a,Graphite/LFP,1.1,50.0,2.0,0.3333,4300,49.1964
wheeler2025_A123_18650_LFP,Cell4b,Graphite/LFP,1.1,50.0,2.0,0.3333,0,90.0362
wheeler2025_A123_18650_LFP,Cell4b,Graphite/LFP,1.1,50.0,2.0,0.3333,100,87.4576
wheeler2025_A123_18650_LFP,Cell4b,Graphite/LFP,1.1,50.0,2.0,0.3333,200,84.5694
wheeler2025_A123_18650_LFP,Cell4b,Graphite/LFP,1.1,50.0,2.0,0.3333,300,82.5838
wheeler2025_A123_18650_LFP,Cell4b,Graphite/LFP,1.1,50.0,2.0,0.3333,400,81.0491
wheeler2025_A123_18650_LFP,Cell4b,Graphite/LFP,1.1,50.0,2.0,0.3333,500,80.1023
wheeler2025_A123_18650_LFP,Cell4b,Graphite/LFP,1.1,50.0,2.0,0.3333,600,78.851
wheeler2025_A123_18650_LFP,Cell4b,Graphite/LFP,1.1,50.0,2.0,0.3333,700,78.0747
wheeler2025_A123_18650_LFP,Cell4b,Graphite/LFP,1.1,50.0,2.0,0.3333,800,76.3752
wheeler2025_A123_18650_LFP,Cell4b,Graphite/LFP,1.1,50.0,2.0,0.3333,900,75.4214
wheeler2025_A123_18650_LFP,Cell4b,Graphite/LFP,1.1,50.0,2.0,0.3333,1000,73.8773
wheeler2025_A123_18650_LFP,Cell4b,Graphite/LFP,1.1,50.0,2.0,0.3333,1100,73.22
wheeler2025_A123_18650_LFP,Cell4b,Graphite/LFP,1.1,50.0,2.0,0.3333,1200,71.2932
wheeler2025_A123_18650_LFP,Cell4b,Graphite/LFP,1.1,50.0,2.0,0.3333,1300,70.7984
wheeler2025_A123_18650_LFP,Cell4b,Graphite/LFP,1.1,50.0,2.0,0.3333,1400,69.2874
wheeler2025_A123_18650_LFP,Cell4b,Graphite/LFP,1.1,50.0,2.0,0.3333,1500,67.0837
wheeler2025_A123_18650_LFP,Cell4b,Graphite/LFP,1.1,50.0,2.0,0.3333,1600,64.6061
wheeler2025_A123_18650_LFP,Cell4b,Graphite/LFP,1.1,50.0,2.0,0.3333,1700,63.5885
wheeler2025_A123_18650_LFP,Cell4b,Graphite/LFP,1.1,50.0,2.0,0.3333,1800,63.1092
wheeler2025_A123_18650_LFP,Cell4b,Graphite/LFP,1.1,50.0,2.0,0.3333,1900,61.6505
wheeler2025_A123_18650_LFP,Cell4b,Graphite/LFP,1.1,50.0,2.0,0.3333,2000,60.6541
wheeler2025_A123_18650_LFP,Cell4b,Graphite/LFP,1.1,50.0,2.0,0.3333,2100,59.3124
wheeler2025_A123_18650_LFP,Cell4b,Graphite/LFP,1.1,50.0,2.0,0.3333,2200,58.1554
wheeler2025_A123_18650_LFP,Cell4b,Graphite/LFP,1.1,50.0,2.0,0.3333,2300,57.0336
wheeler2025_A123_18650_LFP,Cell4b,Graphite/LFP,1.1,50.0,2.0,0.3333,2400,55.6062
wheeler2025_A123_18650_LFP,Cell4b,Graphite/LFP,1.1,50.0,2.0,0.3333,2500,54.4844
wheeler2025_A123_18650_LFP,Cell4b,Graphite/LFP,1.1,50.0,2.0,0.3333,2600,53.4345
wheeler2025_A123_18650_LFP,Cell4b,Graphite/LFP,1.1,50.0,2.0,0.3333,2700,52.5573
wheeler2025_A123_18650_LFP,Cell4b,Graphite/LFP,1.1,50.0,2.0,0.3333,2800,51.6573
wheeler2025_A123_18650_LFP,Cell4b,Graphite/LFP,1.1,50.0,2.0,0.3333,2900,50.8966
wheeler2025_A123_18650_LFP,Cell4b,Graphite/LFP,1.1,50.0,2.0,0.3333,3000,49.9808
wheeler2025_A123_18650_LFP,Cell4b,Graphite/LFP,1.1,50.0,2.0,0.3333,3100,49.1394
wheeler2025_A123_18650_LFP,Cell4b,Graphite/LFP,1.1,50.0,2.0,0.3333,3200,48.2592
wheeler2025_A123_18650_LFP,Cell4b,Graphite/LFP,1.1,50.0,2.0,0.3333,3300,47.3199
wheeler2025_A123_18650_LFP,Cell4b,Graphite/LFP,1.1,50.0,2.0,0.3333,3400,46.7985
wheeler2025_A123_18650_LFP,Cell4b,Graphite/LFP,1.1,50.0,2.0,0.3333,3500,46.0588
wheeler2025_A123_18650_LFP,Cell4b,Graphite/LFP,1.1,50.0,2.0,0.3333,3600,45.5005
wheeler2025_A123_18650_LFP,Cell4b,Graphite/LFP,1.1,50.0,2.0,0.3333,3700,44.9335
wheeler2025_A123_18650_LFP,Cell4b,Graphite/LFP,1.1,50.0,2.0,0.3333,3800,44.2197
wheeler2025_A123_18650_LFP,Cell4b,Graphite/LFP,1.1,50.0,2.0,0.3333,3900,43.716
wheeler2025_A123_18650_LFP,Cell4b,Graphite/LFP,1.1,50.0,2.0,0.3333,4000,42.5643
wheeler2025_A123_18650_LFP,Cell4b,Graphite/LFP,1.1,50.0,2.0,0.3333,4100,42.1347
wheeler2025_A123_18650_LFP,Cell4b,Graphite/LFP,1.1,50.0,2.0,0.3333,4200,41.4092
wheeler2025_A123_18650_LFP,Cell4b,Graphite/LFP,1.1,50.0,2.0,0.3333,4300,41.0185
wheeler2025_A123_18650_LFP,Cell4b,Graphite/LFP,1.1,50.0,2.0,0.3333,4400,40.4359
wheeler2025_A123_18650_LFP,Cell4b,Graphite/LFP,1.1,50.0,2.0,0.3333,4500,39.8588
wheeler2025_A123_18650_LFP,Cell4c,Graphite/LFP,1.1,50.0,2.0,0.3333,0,92.7818
wheeler2025_A123_18650_LFP,Cell4c,Graphite/LFP,1.1,50.0,2.0,0.3333,100,90.2929
wheeler2025_A123_18650_LFP,Cell4c,Graphite/LFP,1.1,50.0,2.0,0.3333,200,87.7434
wheeler2025_A123_18650_LFP,Cell4c,Graphite/LFP,1.1,50.0,2.0,0.3333,300,85.7982
wheeler2025_A123_18650_LFP,Cell4c,Graphite/LFP,1.1,50.0,2.0,0.3333,400,84.4555
wheeler2025_A123_18650_LFP,Cell4c,Graphite/LFP,1.1,50.0,2.0,0.3333,500,83.5703
wheeler2025_A123_18650_LFP,Cell4c,Graphite/LFP,1.1,50.0,2.0,0.3333,600,82.5415
wheeler2025_A123_18650_LFP,Cell4c,Graphite/LFP,1.1,50.0,2.0,0.3333,700,82.0715
wheeler2025_A123_18650_LFP,Cell4c,Graphite/LFP,1.1,50.0,2.0,0.3333,800,80.6412
wheeler2025_A123_18650_LFP,Cell4c,Graphite/LFP,1.1,50.0,2.0,0.3333,900,79.9503
wheeler2025_A123_18650_LFP,Cell4c,Graphite/LFP,1.1,50.0,2.0,0.3333,1000,78.6784
wheeler2025_A123_18650_LFP,Cell4c,Graphite/LFP,1.1,50.0,2.0,0.3333,1100,78.3618
wheeler2025_A123_18650_LFP,Cell4c,Graphite/LFP,1.1,50.0,2.0,0.3333,1200,76.7305
wheeler2025_A123_18650_LFP,Cell4c,Graphite/LFP,1.1,50.0,2.0,0.3333,1300,76.2692
wheeler2025_A123_18650_LFP,Cell4c,Graphite/LFP,1.1,50.0,2.0,0.3333,1400,75.4031
wheeler2025_A123_18650_LFP,Cell4c,Graphite/LFP,1.1,50.0,2.0,0.3333,1500,73.8458
wheeler2025_A123_18650_LFP,Cell4c,Graphite/LFP,1.1,50.0,2.0,0.3333,1600,71.5046
wheeler2025_A123_18650_LFP,Cell4c,Graphite/LFP,1.1,50.0,2.0,0.3333,1700,70.6282
wheeler2025_A123_18650_LFP,Cell4c,Graphite/LFP,1.1,50.0,2.0,0.3333,1800,69.8788
wheeler2025_A123_18650_LFP,Cell4c,Graphite/LFP,1.1,50.0,2.0,0.3333,1900,68.9771
wheeler2025_A123_18650_LFP,Cell4c,Graphite/LFP,1.1,50.0,2.0,0.3333,2000,67.9573
wheeler2025_A123_18650_LFP,Cell4c,Graphite/LFP,1.1,50.0,2.0,0.3333,2100,66.9584
wheeler2025_A123_18650_LFP,Cell4c,Graphite/LFP,1.1,50.0,2.0,0.3333,2200,65.6558
wheeler2025_A123_18650_LFP,Cell4c,Graphite/LFP,1.1,50.0,2.0,0.3333,2300,64.3774
wheeler2025_A123_18650_LFP,Cell4c,Graphite/LFP,1.1,50.0,2.0,0.3333,2400,62.5457
wheeler2025_A123_18650_LFP,Cell4c,Graphite/LFP,1.1,50.0,2.0,0.3333,2500,61.1945
wheeler2025_A123_18650_LFP,Cell4c,Graphite/LFP,1.1,50.0,2.0,0.3333,2600,59.7208
wheeler2025_A123_18650_LFP,Cell4c,Graphite/LFP,1.1,50.0,2.0,0.3333,2700,59.0746
wheeler2025_A123_18650_LFP,Cell4c,Graphite/LFP,1.1,50.0,2.0,0.3333,2800,58.0284
wheeler2025_A123_18650_LFP,Cell4c,Graphite/LFP,1.1,50.0,2.0,0.3333,2900,56.9291
wheeler2025_A123_18650_LFP,Cell4c,Graphite/LFP,1.1,50.0,2.0,0.3333,3000,55.9025
wheeler2025_A123_18650_LFP,Cell4c,Graphite/LFP,1.1,50.0,2.0,0.3333,3100,54.9748
wheeler2025_A123_18650_LFP,Cell4c,Graphite/LFP,1.1,50.0,2.0,0.3333,3200,54.0191
wheeler2025_A123_18650_LFP,Cell4c,Graphite/LFP,1.1,50.0,2.0,0.3333,3300,53.0949
wheeler2025_A123_18650_LFP,Cell4c,Graphite/LFP,1.1,50.0,2.0,0.3333,3400,52.1385
wheeler2025_A123_18650_LFP,Cell4c,Graphite/LFP,1.1,50.0,2.0,0.3333,3500,51.2972
wheeler2025_A123_18650_LFP,Cell4c,Graphite/LFP,1.1,50.0,2.0,0.3333,3600,50.4047
wheeler2025_A123_18650_LFP,Cell4c,Graphite/LFP,1.1,50.0,2.0,0.3333,3700,49.6025
wheeler2025_A123_18650_LFP,Cell4c,Graphite/LFP,1.1,50.0,2.0,0.3333,3800,48.3961
wheeler2025_A123_18650_LFP,Cell4c,Graphite/LFP,1.1,50.0,2.0,0.3333,3900,48.0653
wheeler2025_A123_18650_LFP,Cell4c,Graphite/LFP,1.1,50.0,2.0,0.3333,4000,47.1973
wheeler2025_A123_18650_LFP,Cell4c,Graphite/LFP,1.1,50.0,2.0,0.3333,4100,46.5957
wheeler2025_A123_18650_LFP,Cell4c,Graphite/LFP,1.1,50.0,2.0,0.3333,4200,45.7625
wheeler2025_A123_18650_LFP,Cell4c,Graphite/LFP,1.1,50.0,2.0,0.3333,4300,45.3505
wheeler2025_A123_18650_LFP,Cell4c,Graphite/LFP,1.1,50.0,2.0,0.3333,4400,44.5411
wheeler2025_A123_18650_LFP,Cell5a,Graphite/LFP,1.1,50.0,2.0,0.3333,0,91.1888
wheeler2025_A123_18650_LFP,Cell5a,Graphite/LFP,1.1,50.0,2.0,0.3333,100,87.0942
wheeler2025_A123_18650_LFP,Cell5a,Graphite/LFP,1.1,50.0,2.0,0.3333,200,84.9108
wheeler2025_A123_18650_LFP,Cell5a,Graphite/LFP,1.1,50.0,2.0,0.3333,300,83.6617
wheeler2025_A123_18650_LFP,Cell5a,Graphite/LFP,1.1,50.0,2.0,0.3333,400,82.2484
wheeler2025_A123_18650_LFP,Cell5a,Graphite/LFP,1.1,50.0,2.0,0.3333,500,81.4608
wheeler2025_A123_18650_LFP,Cell5a,Graphite/LFP,1.1,50.0,2.0,0.3333,600,79.8347
wheeler2025_A123_18650_LFP,Cell5a,Graphite/LFP,1.1,50.0,2.0,0.3333,700,79.1039
wheeler2025_A123_18650_LFP,Cell5a,Graphite/LFP,1.1,50.0,2.0,0.3333,800,77.7416
wheeler2025_A123_18650_LFP,Cell5a,Graphite/LFP,1.1,50.0,2.0,0.3333,900,76.2596
wheeler2025_A123_18650_LFP,Cell5a,Graphite/LFP,1.1,50.0,2.0,0.3333,1000,75.7063
wheeler2025_A123_18650_LFP,Cell5a,Graphite/LFP,1.1,50.0,2.0,0.3333,1100,74.9238
wheeler2025_A123_18650_LFP,Cell5a,Graphite/LFP,1.1,50.0,2.0,0.3333,1200,73.8049
wheeler2025_A123_18650_LFP,Cell5a,Graphite/LFP,1.1,50.0,2.0,0.3333,1300,72.7945
wheeler2025_A123_18650_LFP,Cell5a,Graphite/LFP,1.1,50.0,2.0,0.3333,1400,70.6469
wheeler2025_A123_18650_LFP,Cell5a,Graphite/LFP,1.1,50.0,2.0,0.3333,1500,69.5895
wheeler2025_A123_18650_LFP,Cell5a,Graphite/LFP,1.1,50.0,2.0,0.3333,1600,68.7446
wheeler2025_A123_18650_LFP,Cell5a,Graphite/LFP,1.1,50.0,2.0,0.3333,1700,67.7359
wheeler2025_A123_18650_LFP,Cell5a,Graphite/LFP,1.1,50.0,2.0,0.3333,1800,66.5667
wheeler2025_A123_18650_LFP,Cell5a,Graphite/LFP,1.1,50.0,2.0,0.3333,1900,65.4647
wheeler2025_A123_18650_LFP,Cell5a,Graphite/LFP,1.1,50.0,2.0,0.3333,2000,63.9214
wheeler2025_A123_18650_LFP,Cell5a,Graphite/LFP,1.1,50.0,2.0,0.3333,2100,62.4966
wheeler2025_A123_18650_LFP,Cell5a,Graphite/LFP,1.1,50.0,2.0,0.3333,2200,60.6413
wheeler2025_A123_18650_LFP,Cell5a,Graphite/LFP,1.1,50.0,2.0,0.3333,2300,59.3416
wheeler2025_A123_18650_LFP,Cell5a,Graphite/LFP,1.1,50.0,2.0,0.3333,2400,58.6306
wheeler2025_A123_18650_LFP,Cell5a,Graphite/LFP,1.1,50.0,2.0,0.3333,2500,57.6565
wheeler2025_A123_18650_LFP,Cell5a,Graphite/LFP,1.1,50.0,2.0,0.3333,2600,56.1846
wheeler2025_A123_18650_LFP,Cell5a,Graphite/LFP,1.1,50.0,2.0,0.3333,2700,55.3198
wheeler2025_A123_18650_LFP,Cell5a,Graphite/LFP,1.1,50.0,2.0,0.3333,2800,54.4406
wheeler2025_A123_18650_LFP,Cell5a,Graphite/LFP,1.1,50.0,2.0,0.3333,2900,53.5774
wheeler2025_A123_18650_LFP,Cell5a,Graphite/LFP,1.1,50.0,2.0,0.3333,3000,52.7269
wheeler2025_A123_18650_LFP,Cell5a,Graphite/LFP,1.1,50.0,2.0,0.3333,3100,51.8916
wheeler2025_A123_18650_LFP,Cell5a,Graphite/LFP,1.1,50.0,2.0,0.3333,3200,51.0337
wheeler2025_A123_18650_LFP,Cell5a,Graphite/LFP,1.1,50.0,2.0,0.3333,3300,50.2904
wheeler2025_A123_18650_LFP,Cell5a,Graphite/LFP,1.1,50.0,2.0,0.3333,3400,49.4887
wheeler2025_A123_18650_LFP,Cell5a,Graphite/LFP,1.1,50.0,2.0,0.3333,3500,48.7568
wheeler2025_A123_18650_LFP,Cell5a,Graphite/LFP,1.1,50.0,2.0,0.3333,3600,47.6333
wheeler2025_A123_18650_LFP,Cell5a,Graphite/LFP,1.1,50.0,2.0,0.3333,3700,47.1777
wheeler2025_A123_18650_LFP,Cell5a,Graphite/LFP,1.1,50.0,2.0,0.3333,3800,46.6038
wheeler2025_A123_18650_LFP,Cell5a,Graphite/LFP,1.1,50.0,2.0,0.3333,3900,45.7805
wheeler2025_A123_18650_LFP,Cell5a,Graphite/LFP,1.1,50.0,2.0,0.3333,4000,45.2703
wheeler2025_A123_18650_LFP,Cell5a,Graphite/LFP,1.1,50.0,2.0,0.3333,4100,44.9758
wheeler2025_A123_18650_LFP,Cell5a,Graphite/LFP,1.1,50.0,2.0,0.3333,4200,44.1809
wheeler2025_A123_18650_LFP,Cell5b,Graphite/LFP,1.1,50.0,2.0,0.3333,0,90.6798
wheeler2025_A123_18650_LFP,Cell5b,Graphite/LFP,1.1,50.0,2.0,0.3333,100,87.969
wheeler2025_A123_18650_LFP,Cell5b,Graphite/LFP,1.1,50.0,2.0,0.3333,200,86.1407
wheeler2025_A123_18650_LFP,Cell5b,Graphite/LFP,1.1,50.0,2.0,0.3333,300,85.1704
wheeler2025_A123_18650_LFP,Cell5b,Graphite/LFP,1.1,50.0,2.0,0.3333,400,83.8344
wheeler2025_A123_18650_LFP,Cell5b,Graphite/LFP,1.1,50.0,2.0,0.3333,500,82.7258
wheeler2025_A123_18650_LFP,Cell5b,Graphite/LFP,1.1,50.0,2.0,0.3333,600,81.7365
wheeler2025_A123_18650_LFP,Cell5b,Graphite/LFP,1.1,50.0,2.0,0.3333,700,81.0745
wheeler2025_A123_18650_LFP,Cell5b,Graphite/LFP,1.1,50.0,2.0,0.3333,800,79.5808
wheeler2025_A123_18650_LFP,Cell5b,Graphite/LFP,1.1,50.0,2.0,0.3333,900,77.8646
wheeler2025_A123_18650_LFP,Cell5b,Graphite/LFP,1.1,50.0,2.0,0.3333,1000,77.3795
wheeler2025_A123_18650_LFP,Cell5b,Graphite/LFP,1.1,50.0,2.0,0.3333,1100,76.4803
wheeler2025_A123_18650_LFP,Cell5b,Graphite/LFP,1.1,50.0,2.0,0.3333,1200,75.1689
wheeler2025_A123_18650_LFP,Cell5b,Graphite/LFP,1.1,50.0,2.0,0.3333,1300,74.2526
wheeler2025_A123_18650_LFP,Cell5b,Graphite/LFP,1.1,50.0,2.0,0.3333,1400,71.6789
wheeler2025_A123_18650_LFP,Cell5b,Graphite/LFP,1.1,50.0,2.0,0.3333,1500,70.6321
wheeler2025_A123_18650_LFP,Cell5b,Graphite/LFP,1.1,50.0,2.0,0.3333,1600,69.9075
wheeler2025_A123_18650_LFP,Cell5b,Graphite/LFP,1.1,50.0,2.0,0.3333,1700,69.0186
wheeler2025_A123_18650_LFP,Cell5b,Graphite/LFP,1.1,50.0,2.0,0.3333,1800,67.9925
wheeler2025_A123_18650_LFP,Cell5b,Graphite/LFP,1.1,50.0,2.0,0.3333,1900,67.1356
wheeler2025_A123_18650_LFP,Cell5b,Graphite/LFP,1.1,50.0,2.0,0.3333,2000,65.9087
wheeler2025_A123_18650_LFP,Cell5b,Graphite/LFP,1.1,50.0,2.0,0.3333,2100,64.8426
wheeler2025_A123_18650_LFP,Cell5b,Graphite/LFP,1.1,50.0,2.0,0.3333,2200,63.2586
wheeler2025_A123_18650_LFP,Cell5b,Graphite/LFP,1.1,50.0,2.0,0.3333,2300,62.2286
wheeler2025_A123_18650_LFP,Cell5b,Graphite/LFP,1.1,50.0,2.0,0.3333,2400,61.0936
wheeler2025_A123_18650_LFP,Cell5b,Graphite/LFP,1.1,50.0,2.0,0.3333,2500,60.6147
wheeler2025_A123_18650_LFP,Cell5b,Graphite/LFP,1.1,50.0,2.0,0.3333,2600,59.8864
wheeler2025_A123_18650_LFP,Cell5b,Graphite/LFP,1.1,50.0,2.0,0.3333,2700,59.0166
wheeler2025_A123_18650_LFP,Cell5b,Graphite/LFP,1.1,50.0,2.0,0.3333,2800,58.2717
wheeler2025_A123_18650_LFP,Cell5b,Graphite/LFP,1.1,50.0,2.0,0.3333,2900,57.5579
wheeler2025_A123_18650_LFP,Cell5b,Graphite/LFP,1.1,50.0,2.0,0.3333,3000,56.8629
wheeler2025_A123_18650_LFP,Cell5b,Graphite/LFP,1.1,50.0,2.0,0.3333,3100,56.163
wheeler2025_A123_18650_LFP,Cell5b,Graphite/LFP,1.1,50.0,2.0,0.3333,3200,55.4571
wheeler2025_A123_18650_LFP,Cell5b,Graphite/LFP,1.1,50.0,2.0,0.3333,3300,54.8723
wheeler2025_A123_18650_LFP,Cell5b,Graphite/LFP,1.1,50.0,2.0,0.3333,3400,54.2195
wheeler2025_A123_18650_LFP,Cell5b,Graphite/LFP,1.1,50.0,2.0,0.3333,3500,53.6632
wheeler2025_A123_18650_LFP,Cell5b,Graphite/LFP,1.1,50.0,2.0,0.3333,3600,52.6348
wheeler2025_A123_18650_LFP,Cell5b,Graphite/LFP,1.1,50.0,2.0,0.3333,3700,52.3138
wheeler2025_A123_18650_LFP,Cell5b,Graphite/LFP,1.1,50.0,2.0,0.3333,3800,51.8202
wheeler2025_A123_18650_LFP,Cell5b,Graphite/LFP,1.1,50.0,2.0,0.3333,3900,51.316
wheeler2025_A123_18650_LFP,Cell5b,Graphite/LFP,1.1,50.0,2.0,0.3333,4000,50.5722
wheeler2025_A123_18650_LFP,Cell5b,Graphite/LFP,1.1,50.0,2.0,0.3333,4100,49.8097
wheeler2025_A123_18650_LFP,Cell5c,Graphite/LFP,1.1,50.0,2.0,0.3333,0,89.2448
wheeler2025_A123_18650_LFP,Cell5c,Graphite/LFP,1.1,50.0,2.0,0.3333,100,86.2241
wheeler2025_A123_18650_LFP,Cell5c,Graphite/LFP,1.1,50.0,2.0,0.3333,200,84.3315
wheeler2025_A123_18650_LFP,Cell5c,Graphite/LFP,1.1,50.0,2.0,0.3333,300,83.3602
wheeler2025_A123_18650_LFP,Cell5c,Graphite/LFP,1.1,50.0,2.0,0.3333,400,82.0255
wheeler2025_A123_18650_LFP,Cell5c,Graphite/LFP,1.1,50.0,2.0,0.3333,500,81.4475
wheeler2025_A123_18650_LFP,Cell5c,Graphite/LFP,1.1,50.0,2.0,0.3333,600,79.7197
wheeler2025_A123_18650_LFP,Cell5c,Graphite/LFP,1.1,50.0,2.0,0.3333,700,79.1014
wheeler2025_A123_18650_LFP,Cell5c,Graphite/LFP,1.1,50.0,2.0,0.3333,800,77.655
wheeler2025_A123_18650_LFP,Cell5c,Graphite/LFP,1.1,50.0,2.0,0.3333,900,76.0265
wheeler2025_A123_18650_LFP,Cell5c,Graphite/LFP,1.1,50.0,2.0,0.3333,1000,75.4469
wheeler2025_A123_18650_LFP,Cell5c,Graphite/LFP,1.1,50.0,2.0,0.3333,1100,74.5855
wheeler2025_A123_18650_LFP,Cell5c,Graphite/LFP,1.1,50.0,2.0,0.3333,1200,73.4212
wheeler2025_A123_18650_LFP,Cell5c,Graphite/LFP,1.1,50.0,2.0,0.3333,1300,72.3622
wheeler2025_A123_18650_LFP,Cell5c,Graphite/LFP,1.1,50.0,2.0,0.3333,1400,70.0897
wheeler2025_A123_18650_LFP,Cell5c,Graphite/LFP,1.1,50.0,2.0,0.3333,1500,69.1227
wheeler2025_A123_18650_LFP,Cell5c,Graphite/LFP,1.1,50.0,2.0,0.3333,1600,68.4482
wheeler2025_A123_18650_LFP,Cell5c,Graphite/LFP,1.1,50.0,2.0,0.3333,1700,67.6609
wheeler2025_A123_18650_LFP,Cell5c,Graphite/LFP,1.1,50.0,2.0,0.3333,1800,66.7189
wheeler2025_A123_18650_LFP,Cell5c,Graphite/LFP,1.1,50.0,2.0,0.3333,1900,65.9609
wheeler2025_A123_18650_LFP,Cell5c,Graphite/LFP,1.1,50.0,2.0,0.3333,2000,64.6894
wheeler2025_A123_18650_LFP,Cell5c,Graphite/LFP,1.1,50.0,2.0,0.3333,2100,63.6073
wheeler2025_A123_18650_LFP,Cell5c,Graphite/LFP,1.1,50.0,2.0,0.3333,2200,62.7848
wheeler2025_A123_18650_LFP,Cell5c,Graphite/LFP,1.1,50.0,2.0,0.3333,2300,61.4298
wheeler2025_A123_18650_LFP,Cell5c,Graphite/LFP,1.1,50.0,2.0,0.3333,2400,59.9118
wheeler2025_A123_18650_LFP,Cell5c,Graphite/LFP,1.1,50.0,2.0,0.3333,2500,59.512
wheeler2025_A123_18650_LFP,Cell5c,Graphite/LFP,1.1,50.0,2.0,0.3333,2600,58.7051
wheeler2025_A123_18650_LFP,Cell5c,Graphite/LFP,1.1,50.0,2.0,0.3333,2700,57.8526
wheeler2025_A123_18650_LFP,Cell5c,Graphite/LFP,1.1,50.0,2.0,0.3333,2800,57.0943
wheeler2025_A123_18650_LFP,Cell5c,Graphite/LFP,1.1,50.0,2.0,0.3333,2900,56.3618
wheeler2025_A123_18650_LFP,Cell5c,Graphite/LFP,1.1,50.0,2.0,0.3333,3000,55.6523
wheeler2025_A123_18650_LFP,Cell5c,Graphite/LFP,1.1,50.0,2.0,0.3333,3100,54.9358
wheeler2025_A123_18650_LFP,Cell5c,Graphite/LFP,1.1,50.0,2.0,0.3333,3200,54.1981
wheeler2025_A123_18650_LFP,Cell5c,Graphite/LFP,1.1,50.0,2.0,0.3333,3300,53.5906
wheeler2025_A123_18650_LFP,Cell5c,Graphite/LFP,1.1,50.0,2.0,0.3333,3400,52.8964
wheeler2025_A123_18650_LFP,Cell5c,Graphite/LFP,1.1,50.0,2.0,0.3333,3500,52.2991
wheeler2025_A123_18650_LFP,Cell5c,Graphite/LFP,1.1,50.0,2.0,0.3333,3600,51.2418
wheeler2025_A123_18650_LFP,Cell5c,Graphite/LFP,1.1,50.0,2.0,0.3333,3700,50.9702
wheeler2025_A123_18650_LFP,Cell5c,Graphite/LFP,1.1,50.0,2.0,0.3333,3800,50.3961
wheeler2025_A123_18650_LFP,Cell5c,Graphite/LFP,1.1,50.0,2.0,0.3333,3900,49.6822
wheeler2025_A123_18650_LFP,Cell5c,Graphite/LFP,1.1,50.0,2.0,0.3333,4000,49.1711
wheeler2025_A123_18650_LFP,Cell5c,Graphite/LFP,1.1,50.0,2.0,0.3333,4100,48.2152
wheeler2025_A123_18650_LFP,Cell6a,Graphite/LFP,1.1,50.0,2.0,2.0,0,91.1776
wheeler2025_A123_18650_LFP,Cell6a,Graphite/LFP,1.1,50.0,2.0,2.0,100,88.5177
wheeler2025_A123_18650_LFP,Cell6a,Graphite/LFP,1.1,50.0,2.0,2.0,200,86.1334
wheeler2025_A123_18650_LFP,Cell6a,Graphite/LFP,1.1,50.0,2.0,2.0,300,85.1665
wheeler2025_A123_18650_LFP,Cell6a,Graphite/LFP,1.1,50.0,2.0,2.0,400,83.3795
wheeler2025_A123_18650_LFP,Cell6a,Graphite/LFP,1.1,50.0,2.0,2.0,500,81.5655
wheeler2025_A123_18650_LFP,Cell6a,Graphite/LFP,1.1,50.0,2.0,2.0,600,81.1855
wheeler2025_A123_18650_LFP,Cell6a,Graphite/LFP,1.1,50.0,2.0,2.0,700,80.5786
wheeler2025_A123_18650_LFP,Cell6a,Graphite/LFP,1.1,50.0,2.0,2.0,800,79.8884
wheeler2025_A123_18650_LFP,Cell6a,Graphite/LFP,1.1,50.0,2.0,2.0,900,79.1413
wheeler2025_A123_18650_LFP,Cell6a,Graphite/LFP,1.1,50.0,2.0,2.0,1000,78.3463
wheeler2025_A123_18650_LFP,Cell6a,Graphite/LFP,1.1,50.0,2.0,2.0,1100,77.3745
wheeler2025_A123_18650_LFP,Cell6a,Graphite/LFP,1.1,50.0,2.0,2.0,1200,76.8604
wheeler2025_A123_18650_LFP,Cell6a,Graphite/LFP,1.1,50.0,2.0,2.0,1300,75.8084
wheeler2025_A123_18650_LFP,Cell6a,Graphite/LFP,1.1,50.0,2.0,2.0,1400,75.2627
wheeler2025_A123_18650_LFP,Cell6a,Graphite/LFP,1.1,50.0,2.0,2.0,1500,74.1998
wheeler2025_A123_18650_LFP,Cell6a,Graphite/LFP,1.1,50.0,2.0,2.0,1600,73.727
wheeler2025_A123_18650_LFP,Cell6a,Graphite/LFP,1.1,50.0,2.0,2.0,1700,73.0495
wheeler2025_A123_18650_LFP,Cell6a,Graphite/LFP,1.1,50.0,2.0,2.0,1800,72.0511
wheeler2025_A123_18650_LFP,Cell6a,Graphite/LFP,1.1,50.0,2.0,2.0,1900,71.4123
wheeler2025_A123_18650_LFP,Cell6a,Graphite/LFP,1.1,50.0,2.0,2.0,2000,70.4024
wheeler2025_A123_18650_LFP,Cell6a,Graphite/LFP,1.1,50.0,2.0,2.0,2100,69.2267
wheeler2025_A123_18650_LFP,Cell6a,Graphite/LFP,1.1,50.0,2.0,2.0,2200,68.4815
wheeler2025_A123_18650_LFP,Cell6a,Graphite/LFP,1.1,50.0,2.0,2.0,2300,66.9707
wheeler2025_A123_18650_LFP,Cell6a,Graphite/LFP,1.1,50.0,2.0,2.0,2400,65.5511
wheeler2025_A123_18650_LFP,Cell6a,Graphite/LFP,1.1,50.0,2.0,2.0,2500,64.3461
wheeler2025_A123_18650_LFP,Cell6a,Graphite/LFP,1.1,50.0,2.0,2.0,2600,61.7825
wheeler2025_A123_18650_LFP,Cell6a,Graphite/LFP,1.1,50.0,2.0,2.0,2700,61.1176
wheeler2025_A123_18650_LFP,Cell6a,Graphite/LFP,1.1,50.0,2.0,2.0,2800,59.8265
wheeler2025_A123_18650_LFP,Cell6a,Graphite/LFP,1.1,50.0,2.0,2.0,2900,57.9483
wheeler2025_A123_18650_LFP,Cell6a,Graphite/LFP,1.1,50.0,2.0,2.0,3000,56.9964
wheeler2025_A123_18650_LFP,Cell6a,Graphite/LFP,1.1,50.0,2.0,2.0,3100,55.8007
wheeler2025_A123_18650_LFP,Cell6a,Graphite/LFP,1.1,50.0,2.0,2.0,3200,55.1924
wheeler2025_A123_18650_LFP,Cell6a,Graphite/LFP,1.1,50.0,2.0,2.0,3300,53.9018
wheeler2025_A123_18650_LFP,Cell6a,Graphite/LFP,1.1,50.0,2.0,2.0,3400,52.7101
wheeler2025_A123_18650_LFP,Cell6a,Graphite/LFP,1.1,50.0,2.0,2.0,3500,52.1549
wheeler2025_A123_18650_LFP,Cell6a,Graphite/LFP,1.1,50.0,2.0,2.0,3600,51.2139
wheeler2025_A123_18650_LFP,Cell6a,Graphite/LFP,1.1,50.0,2.0,2.0,3700,50.0741
wheeler2025_A123_18650_LFP,Cell6a,Graphite/LFP,1.1,50.0,2.0,2.0,3800,49.3895
wheeler2025_A123_18650_LFP,Cell6a,Graphite/LFP,1.1,50.0,2.0,2.0,3900,47.4161
wheeler2025_A123_18650_LFP,Cell6a,Graphite/LFP,1.1,50.0,2.0,2.0,4000,46.2827
wheeler2025_A123_18650_LFP,Cell6a,Graphite/LFP,1.1,50.0,2.0,2.0,4100,45.6624
wheeler2025_A123_18650_LFP,Cell6a,Graphite/LFP,1.1,50.0,2.0,2.0,4200,44.8605
wheeler2025_A123_18650_LFP,Cell6a,Graphite/LFP,1.1,50.0,2.0,2.0,4300,44.0504
wheeler2025_A123_18650_LFP,Cell6a,Graphite/LFP,1.1,50.0,2.0,2.0,4400,43.3936
wheeler2025_A123_18650_LFP,Cell6a,Graphite/LFP,1.1,50.0,2.0,2.0,4500,42.6977
wheeler2025_A123_18650_LFP,Cell6a,Graphite/LFP,1.1,50.0,2.0,2.0,4600,42.0635
wheeler2025_A123_18650_LFP,Cell6a,Graphite/LFP,1.1,50.0,2.0,2.0,4700,41.1067
wheeler2025_A123_18650_LFP,Cell6a,Graphite/LFP,1.1,50.0,2.0,2.0,4800,40.7475
wheeler2025_A123_18650_LFP,Cell6a,Graphite/LFP,1.1,50.0,2.0,2.0,4900,39.947
wheeler2025_A123_18650_LFP,Cell6a,Graphite/LFP,1.1,50.0,2.0,2.0,5000,39.0098
wheeler2025_A123_18650_LFP,Cell6a,Graphite/LFP,1.1,50.0,2.0,2.0,5100,38.498
wheeler2025_A123_18650_LFP,Cell6a,Graphite/LFP,1.1,50.0,2.0,2.0,5200,37.9485
wheeler2025_A123_18650_LFP,Cell6a,Graphite/LFP,1.1,50.0,2.0,2.0,5300,37.399
wheeler2025_A123_18650_LFP,Cell6a,Graphite/LFP,1.1,50.0,2.0,2.0,5400,37.0283
wheeler2025_A123_18650_LFP,Cell6a,Graphite/LFP,1.1,50.0,2.0,2.0,5500,36.529
wheeler2025_A123_18650_LFP,Cell6a,Graphite/LFP,1.1,50.0,2.0,2.0,5600,36.0192
wheeler2025_A123_18650_LFP,Cell6a,Graphite/LFP,1.1,50.0,2.0,2.0,5700,35.5798
wheeler2025_A123_18650_LFP,Cell6a,Graphite/LFP,1.1,50.0,2.0,2.0,5800,35.1243
wheeler2025_A123_18650_LFP,Cell6a,Graphite/LFP,1.1,50.0,2.0,2.0,5900,34.3041
wheeler2025_A123_18650_LFP,Cell6a,Graphite/LFP,1.1,50.0,2.0,2.0,6000,33.9299
wheeler2025_A123_18650_LFP,Cell6a,Graphite/LFP,1.1,50.0,2.0,2.0,6100,32.972
wheeler2025_A123_18650_LFP,Cell6a,Graphite/LFP,1.1,50.0,2.0,2.0,6200,32.6906
wheeler2025_A123_18650_LFP,Cell6a,Graphite/LFP,1.1,50.0,2.0,2.0,6300,32.3613
wheeler2025_A123_18650_LFP,Cell6b,Graphite/LFP,1.1,50.0,2.0,2.0,0,92.1034
wheeler2025_A123_18650_LFP,Cell6b,Graphite/LFP,1.1,50.0,2.0,2.0,100,89.8863
wheeler2025_A123_18650_LFP,Cell6b,Graphite/LFP,1.1,50.0,2.0,2.0,200,87.6875
wheeler2025_A123_18650_LFP,Cell6b,Graphite/LFP,1.1,50.0,2.0,2.0,300,86.7432
wheeler2025_A123_18650_LFP,Cell6b,Graphite/LFP,1.1,50.0,2.0,2.0,400,84.9793
wheeler2025_A123_18650_LFP,Cell6b,Graphite/LFP,1.1,50.0,2.0,2.0,500,83.247
wheeler2025_A123_18650_LFP,Cell6b,Graphite/LFP,1.1,50.0,2.0,2.0,600,82.8522
wheeler2025_A123_18650_LFP,Cell6b,Graphite/LFP,1.1,50.0,2.0,2.0,700,82.1978
wheeler2025_A123_18650_LFP,Cell6b,Graphite/LFP,1.1,50.0,2.0,2.0,800,81.5213
wheeler2025_A123_18650_LFP,Cell6b,Graphite/LFP,1.1,50.0,2.0,2.0,900,80.7875
wheeler2025_A123_18650_LFP,Cell6b,Graphite/LFP,1.1,50.0,2.0,2.0,1000,80.168
wheeler2025_A123_18650_LFP,Cell6b,Graphite/LFP,1.1,50.0,2.0,2.0,1100,79.255
wheeler2025_A123_18650_LFP,Cell6b,Graphite/LFP,1.1,50.0,2.0,2.0,1200,78.8187
wheeler2025_A123_18650_LFP,Cell6b,Graphite/LFP,1.1,50.0,2.0,2.0,1300,77.8525
wheeler2025_A123_18650_LFP,Cell6b,Graphite/LFP,1.1,50.0,2.0,2.0,1400,77.387
wheeler2025_A123_18650_LFP,Cell6b,Graphite/LFP,1.1,50.0,2.0,2.0,1500,76.4225
wheeler2025_A123_18650_LFP,Cell6b,Graphite/LFP,1.1,50.0,2.0,2.0,1600,76.0519
wheeler2025_A123_18650_LFP,Cell6b,Graphite/LFP,1.1,50.0,2.0,2.0,1700,75.4688
wheeler2025_A123_18650_LFP,Cell6b,Graphite/LFP,1.1,50.0,2.0,2.0,1800,74.5765
wheeler2025_A123_18650_LFP,Cell6b,Graphite/LFP,1.1,50.0,2.0,2.0,1900,74.0867
wheeler2025_A123_18650_LFP,Cell6b,Graphite/LFP,1.1,50.0,2.0,2.0,2000,73.2968
wheeler2025_A123_18650_LFP,Cell6b,Graphite/LFP,1.1,50.0,2.0,2.0,2100,72.4642
wheeler2025_A123_18650_LFP,Cell6b,Graphite/LFP,1.1,50.0,2.0,2.0,2200,71.9977
wheeler2025_A123_18650_LFP,Cell6b,Graphite/LFP,1.1,50.0,2.0,2.0,2300,71.0414
wheeler2025_A123_18650_LFP,Cell6b,Graphite/LFP,1.1,50.0,2.0,2.0,2400,69.9445
wheeler2025_A123_18650_LFP,Cell6b,Graphite/LFP,1.1,50.0,2.0,2.0,2500,69.1027
wheeler2025_A123_18650_LFP,Cell6b,Graphite/LFP,1.1,50.0,2.0,2.0,2600,66.9669
wheeler2025_A123_18650_LFP,Cell6b,Graphite/LFP,1.1,50.0,2.0,2.0,2700,66.7726
wheeler2025_A123_18650_LFP,Cell6b,Graphite/LFP,1.1,50.0,2.0,2.0,2800,66.0508
wheeler2025_A123_18650_LFP,Cell6b,Graphite/LFP,1.1,50.0,2.0,2.0,2900,64.6771
wheeler2025_A123_18650_LFP,Cell6b,Graphite/LFP,1.1,50.0,2.0,2.0,3000,64.1774
wheeler2025_A123_18650_LFP,Cell6b,Graphite/LFP,1.1,50.0,2.0,2.0,3100,63.2928
wheeler2025_A123_18650_LFP,Cell6b,Graphite/LFP,1.1,50.0,2.0,2.0,3200,62.7249
wheeler2025_A123_18650_LFP,Cell6b,Graphite/LFP,1.1,50.0,2.0,2.0,3300,62.0008
wheeler2025_A123_18650_LFP,Cell6b,Graphite/LFP,1.1,50.0,2.0,2.0,3400,60.9349
wheeler2025_A123_18650_LFP,Cell6b,Graphite/LFP,1.1,50.0,2.0,2.0,3500,60.1917
wheeler2025_A123_18650_LFP,Cell6b,Graphite/LFP,1.1,50.0,2.0,2.0,3600,59.4507
wheeler2025_A123_18650_LFP,Cell6b,Graphite/LFP,1.1,50.0,2.0,2.0,3700,58.7684
wheeler2025_A123_18650_LFP,Cell6b,Graphite/LFP,1.1,50.0,2.0,2.0,3800,58.5857
wheeler2025_A123_18650_LFP,Cell6b,Graphite/LFP,1.1,50.0,2.0,2.0,3900,56.8847
wheeler2025_A123_18650_LFP,Cell6b,Graphite/LFP,1.1,50.0,2.0,2.0,4000,56.2471
wheeler2025_A123_18650_LFP,Cell6b,Graphite/LFP,1.1,50.0,2.0,2.0,4100,55.945
wheeler2025_A123_18650_LFP,Cell6b,Graphite/LFP,1.1,50.0,2.0,2.0,4200,55.5597
wheeler2025_A123_18650_LFP,Cell6b,Graphite/LFP,1.1,50.0,2.0,2.0,4300,55.1056
wheeler2025_A123_18650_LFP,Cell6b,Graphite/LFP,1.1,50.0,2.0,2.0,4400,54.727
wheeler2025_A123_18650_LFP,Cell6b,Graphite/LFP,1.1,50.0,2.0,2.0,4500,54.3461
wheeler2025_A123_18650_LFP,Cell6b,Graphite/LFP,1.1,50.0,2.0,2.0,4600,53.468
wheeler2025_A123_18650_LFP,Cell6b,Graphite/LFP,1.1,50.0,2.0,2.0,4700,53.3154
wheeler2025_A123_18650_LFP,Cell6b,Graphite/LFP,1.1,50.0,2.0,2.0,4800,52.6365
wheeler2025_A123_18650_LFP,Cell6b,Graphite/LFP,1.1,50.0,2.0,2.0,4900,51.9982
wheeler2025_A123_18650_LFP,Cell6b,Graphite/LFP,1.1,50.0,2.0,2.0,5000,51.7858
wheeler2025_A123_18650_LFP,Cell6b,Graphite/LFP,1.1,50.0,2.0,2.0,5100,51.4337
wheeler2025_A123_18650_LFP,Cell6b,Graphite/LFP,1.1,50.0,2.0,2.0,5200,51.0151
wheeler2025_A123_18650_LFP,Cell6b,Graphite/LFP,1.1,50.0,2.0,2.0,5300,50.2084
wheeler2025_A123_18650_LFP,Cell6b,Graphite/LFP,1.1,50.0,2.0,2.0,5400,49.9988
wheeler2025_A123_18650_LFP,Cell6b,Graphite/LFP,1.1,50.0,2.0,2.0,5500,49.6026
wheeler2025_A123_18650_LFP,Cell6b,Graphite/LFP,1.1,50.0,2.0,2.0,5600,49.2375
wheeler2025_A123_18650_LFP,Cell6b,Graphite/LFP,1.1,50.0,2.0,2.0,5700,48.5198
wheeler2025_A123_18650_LFP,Cell6b,Graphite/LFP,1.1,50.0,2.0,2.0,5800,48.2463
wheeler2025_A123_18650_LFP,Cell6b,Graphite/LFP,1.1,50.0,2.0,2.0,5900,47.6284
wheeler2025_A123_18650_LFP,Cell6b,Graphite/LFP,1.1,50.0,2.0,2.0,6000,46.8882
wheeler2025_A123_18650_LFP,Cell6b,Graphite/LFP,1.1,50.0,2.0,2.0,6100,46.5758
wheeler2025_A123_18650_LFP,Cell6b,Graphite/LFP,1.1,50.0,2.0,2.0,6200,46.1964
wheeler2025_A123_18650_LFP,Cell6b,Graphite/LFP,1.1,50.0,2.0,2.0,6300,45.5763
wheeler2025_A123_18650_LFP,Cell6b,Graphite/LFP,1.1,50.0,2.0,2.0,6400,45.3899
wheeler2025_A123_18650_LFP,Cell6b,Graphite/LFP,1.1,50.0,2.0,2.0,6600,44.8469
wheeler2025_A123_18650_LFP,Cell6b,Graphite/LFP,1.1,50.0,2.0,2.0,6800,44.2846
wheeler2025_A123_18650_LFP,Cell6c,Graphite/LFP,1.1,50.0,2.0,2.0,0,91.1076
wheeler2025_A123_18650_LFP,Cell6c,Graphite/LFP,1.1,50.0,2.0,2.0,100,89.2857
wheeler2025_A123_18650_LFP,Cell6c,Graphite/LFP,1.1,50.0,2.0,2.0,200,87.4213
wheeler2025_A123_18650_LFP,Cell6c,Graphite/LFP,1.1,50.0,2.0,2.0,300,86.5791
wheeler2025_A123_18650_LFP,Cell6c,Graphite/LFP,1.1,50.0,2.0,2.0,400,85.0382
wheeler2025_A123_18650_LFP,Cell6c,Graphite/LFP,1.1,50.0,2.0,2.0,500,83.501
wheeler2025_A123_18650_LFP,Cell6c,Graphite/LFP,1.1,50.0,2.0,2.0,600,83.1278
wheeler2025_A123_18650_LFP,Cell6c,Graphite/LFP,1.1,50.0,2.0,2.0,700,82.5333
wheeler2025_A123_18650_LFP,Cell6c,Graphite/LFP,1.1,50.0,2.0,2.0,800,81.9501
wheeler2025_A123_18650_LFP,Cell6c,Graphite/LFP,1.1,50.0,2.0,2.0,900,81.281
wheeler2025_A123_18650_LFP,Cell6c,Graphite/LFP,1.1,50.0,2.0,2.0,1000,80.7384
wheeler2025_A123_18650_LFP,Cell6c,Graphite/LFP,1.1,50.0,2.0,2.0,1100,79.8741
wheeler2025_A123_18650_LFP,Cell6c,Graphite/LFP,1.1,50.0,2.0,2.0,1200,79.5422
wheeler2025_A123_18650_LFP,Cell6c,Graphite/LFP,1.1,50.0,2.0,2.0,1300,78.6254
wheeler2025_A123_18650_LFP,Cell6c,Graphite/LFP,1.1,50.0,2.0,2.0,1400,78.2338
wheeler2025_A123_18650_LFP,Cell6c,Graphite/LFP,1.1,50.0,2.0,2.0,1500,77.3097
wheeler2025_A123_18650_LFP,Cell6c,Graphite/LFP,1.1,50.0,2.0,2.0,1600,77.0062
wheeler2025_A123_18650_LFP,Cell6c,Graphite/LFP,1.1,50.0,2.0,2.0,1700,76.4813
wheeler2025_A123_18650_LFP,Cell6c,Graphite/LFP,1.1,50.0,2.0,2.0,1800,75.6611
wheeler2025_A123_18650_LFP,Cell6c,Graphite/LFP,1.1,50.0,2.0,2.0,1900,75.2716
wheeler2025_A123_18650_LFP,Cell6c,Graphite/LFP,1.1,50.0,2.0,2.0,2000,74.5624
wheeler2025_A123_18650_LFP,Cell6c,Graphite/LFP,1.1,50.0,2.0,2.0,2100,73.8161
wheeler2025_A123_18650_LFP,Cell6c,Graphite/LFP,1.1,50.0,2.0,2.0,2200,73.4258
wheeler2025_A123_18650_LFP,Cell6c,Graphite/LFP,1.1,50.0,2.0,2.0,2300,72.572
wheeler2025_A123_18650_LFP,Cell6c,Graphite/LFP,1.1,50.0,2.0,2.0,2400,71.5795
wheeler2025_A123_18650_LFP,Cell6c,Graphite/LFP,1.1,50.0,2.0,2.0,2500,70.833
wheeler2025_A123_18650_LFP,Cell6c,Graphite/LFP,1.1,50.0,2.0,2.0,2600,68.9041
wheeler2025_A123_18650_LFP,Cell6c,Graphite/LFP,1.1,50.0,2.0,2.0,2700,68.6797
wheeler2025_A123_18650_LFP,Cell6c,Graphite/LFP,1.1,50.0,2.0,2.0,2800,67.8683
wheeler2025_A123_18650_LFP,Cell6c,Graphite/LFP,1.1,50.0,2.0,2.0,2900,66.3356
wheeler2025_A123_18650_LFP,Cell6c,Graphite/LFP,1.1,50.0,2.0,2.0,3000,65.6872
wheeler2025_A123_18650_LFP,Cell6c,Graphite/LFP,1.1,50.0,2.0,2.0,3100,64.5255
wheeler2025_A123_18650_LFP,Cell6c,Graphite/LFP,1.1,50.0,2.0,2.0,3200,63.6105
wheeler2025_A123_18650_LFP,Cell6c,Graphite/LFP,1.1,50.0,2.0,2.0,3300,62.3929
wheeler2025_A123_18650_LFP,Cell6c,Graphite/LFP,1.1,50.0,2.0,2.0,3400,60.791
wheeler2025_A123_18650_LFP,Cell6c,Graphite/LFP,1.1,50.0,2.0,2.0,3500,59.5861
wheeler2025_A123_18650_LFP,Cell6c,Graphite/LFP,1.1,50.0,2.0,2.0,3600,58.4558
wheeler2025_A123_18650_LFP,Cell6c,Graphite/LFP,1.1,50.0,2.0,2.0,3700,57.3894
wheeler2025_A123_18650_LFP,Cell6c,Graphite/LFP,1.1,50.0,2.0,2.0,3800,56.7794
wheeler2025_A123_18650_LFP,Cell6c,Graphite/LFP,1.1,50.0,2.0,2.0,3900,55.0058
wheeler2025_A123_18650_LFP,Cell6c,Graphite/LFP,1.1,50.0,2.0,2.0,4000,54.0669
wheeler2025_A123_18650_LFP,Cell6c,Graphite/LFP,1.1,50.0,2.0,2.0,4100,53.6885
wheeler2025_A123_18650_LFP,Cell6c,Graphite/LFP,1.1,50.0,2.0,2.0,4200,52.8215
wheeler2025_A123_18650_LFP,Cell6c,Graphite/LFP,1.1,50.0,2.0,2.0,4300,51.9608
wheeler2025_A123_18650_LFP,Cell6c,Graphite/LFP,1.1,50.0,2.0,2.0,4400,51.4987
wheeler2025_A123_18650_LFP,Cell6c,Graphite/LFP,1.1,50.0,2.0,2.0,4500,50.7749
wheeler2025_A123_18650_LFP,Cell6c,Graphite/LFP,1.1,50.0,2.0,2.0,4600,50.1664
wheeler2025_A123_18650_LFP,Cell6c,Graphite/LFP,1.1,50.0,2.0,2.0,4700,49.2115
wheeler2025_A123_18650_LFP,Cell6c,Graphite/LFP,1.1,50.0,2.0,2.0,4800,48.6993
wheeler2025_A123_18650_LFP,Cell6c,Graphite/LFP,1.1,50.0,2.0,2.0,4900,48.0825
wheeler2025_A123_18650_LFP,Cell6c,Graphite/LFP,1.1,50.0,2.0,2.0,5000,47.1287
wheeler2025_A123_18650_LFP,Cell6c,Graphite/LFP,1.1,50.0,2.0,2.0,5100,46.642
wheeler2025_A123_18650_LFP,Cell6c,Graphite/LFP,1.1,50.0,2.0,2.0,5200,46.0715
wheeler2025_A123_18650_LFP,Cell6c,Graphite/LFP,1.1,50.0,2.0,2.0,5300,45.5025
wheeler2025_A123_18650_LFP,Cell6c,Graphite/LFP,1.1,50.0,2.0,2.0,5400,44.6862
wheeler2025_A123_18650_LFP,Cell6c,Graphite/LFP,1.1,50.0,2.0,2.0,5500,44.1778
wheeler2025_A123_18650_LFP,Cell6c,Graphite/LFP,1.1,50.0,2.0,2.0,5600,43.7288
wheeler2025_A123_18650_LFP,Cell6c,Graphite/LFP,1.1,50.0,2.0,2.0,5700,43.2101
wheeler2025_A123_18650_LFP,Cell6c,Graphite/LFP,1.1,50.0,2.0,2.0,5800,42.4391
wheeler2025_A123_18650_LFP,Cell6c,Graphite/LFP,1.1,50.0,2.0,2.0,5900,42.1793
wheeler2025_A123_18650_LFP,Cell6c,Graphite/LFP,1.1,50.0,2.0,2.0,6000,41.131
wheeler2025_A123_18650_LFP,Cell6c,Graphite/LFP,1.1,50.0,2.0,2.0,6100,40.704
wheeler2025_A123_18650_LFP,Cell6c,Graphite/LFP,1.1,50.0,2.0,2.0,6200,40.5065
wheeler2025_A123_18650_LFP,Cell6c,Graphite/LFP,1.1,50.0,2.0,2.0,6300,39.9708
wheeler2025_A123_18650_LFP,Cell6c,Graphite/LFP,1.1,50.0,2.0,2.0,6400,39.2594
wheeler2025_A123_18650_LFP,Cell6c,Graphite/LFP,1.1,50.0,2.0,2.0,6600,38.5765
wheeler2025_A123_18650_LFP,Cell6c,Graphite/LFP,1.1,50.0,2.0,2.0,6800,37.7887
wheeler2025_A123_18650_LFP,Cell7a,Graphite/LFP,1.1,50.0,0.3333,0.3333,0,89.3724
wheeler2025_A123_18650_LFP,Cell7a,Graphite/LFP,1.1,50.0,0.3333,0.3333,100,88.5623
wheeler2025_A123_18650_LFP,Cell7a,Graphite/LFP,1.1,50.0,0.3333,0.3333,113,85.9029
wheeler2025_A123_18650_LFP,Cell7a,Graphite/LFP,1.1,50.0,0.3333,0.3333,200,84.7675
wheeler2025_A123_18650_LFP,Cell7a,Graphite/LFP,1.1,50.0,0.3333,0.3333,300,82.8652
wheeler2025_A123_18650_LFP,Cell7a,Graphite/LFP,1.1,50.0,0.3333,0.3333,400,81.3238
wheeler2025_A123_18650_LFP,Cell7a,Graphite/LFP,1.1,50.0,0.3333,0.3333,500,79.6274
wheeler2025_A123_18650_LFP,Cell7a,Graphite/LFP,1.1,50.0,0.3333,0.3333,600,76.7815
wheeler2025_A123_18650_LFP,Cell7a,Graphite/LFP,1.1,50.0,0.3333,0.3333,700,75.7325
wheeler2025_A123_18650_LFP,Cell7a,Graphite/LFP,1.1,50.0,0.3333,0.3333,800,73.3805
wheeler2025_A123_18650_LFP,Cell7a,Graphite/LFP,1.1,50.0,0.3333,0.3333,900,68.9848
wheeler2025_A123_18650_LFP,Cell7a,Graphite/LFP,1.1,50.0,0.3333,0.3333,1000,66.0287
wheeler2025_A123_18650_LFP,Cell7a,Graphite/LFP,1.1,50.0,0.3333,0.3333,1100,61.8945
wheeler2025_A123_18650_LFP,Cell7a,Graphite/LFP,1.1,50.0,0.3333,0.3333,1200,58.6449
wheeler2025_A123_18650_LFP,Cell7a,Graphite/LFP,1.1,50.0,0.3333,0.3333,1300,55.5426
wheeler2025_A123_18650_LFP,Cell7a,Graphite/LFP,1.1,50.0,0.3333,0.3333,1400,53.406
wheeler2025_A123_18650_LFP,Cell7a,Graphite/LFP,1.1,50.0,0.3333,0.3333,1500,51.4362
wheeler2025_A123_18650_LFP,Cell7a,Graphite/LFP,1.1,50.0,0.3333,0.3333,1600,47.3375
wheeler2025_A123_18650_LFP,Cell7a,Graphite/LFP,1.1,50.0,0.3333,0.3333,1700,45.2373
wheeler2025_A123_18650_LFP,Cell7a,Graphite/LFP,1.1,50.0,0.3333,0.3333,1800,43.3842
wheeler2025_A123_18650_LFP,Cell7a,Graphite/LFP,1.1,50.0,0.3333,0.3333,1900,41.8409
wheeler2025_A123_18650_LFP,Cell7a,Graphite/LFP,1.1,50.0,0.3333,0.3333,2000,40.441
wheeler2025_A123_18650_LFP,Cell7a,Graphite/LFP,1.1,50.0,0.3333,0.3333,2100,38.7631
wheeler2025_A123_18650_LFP,Cell7a,Graphite/LFP,1.1,50.0,0.3333,0.3333,2200,36.7609
wheeler2025_A123_18650_LFP,Cell7a,Graphite/LFP,1.1,50.0,0.3333,0.3333,2300,35.8121
wheeler2025_A123_18650_LFP,Cell7a,Graphite/LFP,1.1,50.0,0.3333,0.3333,2400,34.4316
wheeler2025_A123_18650_LFP,Cell7a,Graphite/LFP,1.1,50.0,0.3333,0.3333,2500,33.607
wheeler2025_A123_18650_LFP,Cell7a,Graphite/LFP,1.1,50.0,0.3333,0.3333,2600,32.3366
wheeler2025_A123_18650_LFP,Cell7a,Graphite/LFP,1.1,50.0,0.3333,0.3333,2700,31.3038
wheeler2025_A123_18650_LFP,Cell7a,Graphite/LFP,1.1,50.0,0.3333,0.3333,2800,30.4781
wheeler2025_A123_18650_LFP,Cell7a,Graphite/LFP,1.1,50.0,0.3333,0.3333,2900,30.0235
wheeler2025_A123_18650_LFP,Cell7a,Graphite/LFP,1.1,50.0,0.3333,0.3333,3000,28.8038
wheeler2025_A123_18650_LFP,Cell7a,Graphite/LFP,1.1,50.0,0.3333,0.3333,3100,28.0175
wheeler2025_A123_18650_LFP,Cell7b,Graphite/LFP,1.1,50.0,0.3333,0.3333,0,91.1888
wheeler2025_A123_18650_LFP,Cell7b,Graphite/LFP,1.1,50.0,0.3333,0.3333,100,90.1791
wheeler2025_A123_18650_LFP,Cell7b,Graphite/LFP,1.1,50.0,0.3333,0.3333,111,89.1043
wheeler2025_A123_18650_LFP,Cell7b,Graphite/LFP,1.1,50.0,0.3333,0.3333,200,86.874
wheeler2025_A123_18650_LFP,Cell7b,Graphite/LFP,1.1,50.0,0.3333,0.3333,300,84.7573
wheeler2025_A123_18650_LFP,Cell7b,Graphite/LFP,1.1,50.0,0.3333,0.3333,400,83.1564
wheeler2025_A123_18650_LFP,Cell7b,Graphite/LFP,1.1,50.0,0.3333,0.3333,500,81.6071
wheeler2025_A123_18650_LFP,Cell7b,Graphite/LFP,1.1,50.0,0.3333,0.3333,600,80.3903
wheeler2025_A123_18650_LFP,Cell7b,Graphite/LFP,1.1,50.0,0.3333,0.3333,700,77.6069
wheeler2025_A123_18650_LFP,Cell7b,Graphite/LFP,1.1,50.0,0.3333,0.3333,800,76.9018
wheeler2025_A123_18650_LFP,Cell7b,Graphite/LFP,1.1,50.0,0.3333,0.3333,900,75.7571
wheeler2025_A123_18650_LFP,Cell7b,Graphite/LFP,1.1,50.0,0.3333,0.3333,1000,74.386
wheeler2025_A123_18650_LFP,Cell7b,Graphite/LFP,1.1,50.0,0.3333,0.3333,1100,73.133
wheeler2025_A123_18650_LFP,Cell7b,Graphite/LFP,1.1,50.0,0.3333,0.3333,1200,71.5857
wheeler2025_A123_18650_LFP,Cell7b,Graphite/LFP,1.1,50.0,0.3333,0.3333,1300,70.4799
wheeler2025_A123_18650_LFP,Cell7b,Graphite/LFP,1.1,50.0,0.3333,0.3333,1400,68.115
wheeler2025_A123_18650_LFP,Cell7b,Graphite/LFP,1.1,50.0,0.3333,0.3333,1500,64.696
wheeler2025_A123_18650_LFP,Cell7b,Graphite/LFP,1.1,50.0,0.3333,0.3333,1600,63.0547
wheeler2025_A123_18650_LFP,Cell7b,Graphite/LFP,1.1,50.0,0.3333,0.3333,1700,61.0637
wheeler2025_A123_18650_LFP,Cell7b,Graphite/LFP,1.1,50.0,0.3333,0.3333,1800,58.7687
wheeler2025_A123_18650_LFP,Cell7b,Graphite/LFP,1.1,50.0,0.3333,0.3333,1900,58.2049
wheeler2025_A123_18650_LFP,Cell7b,Graphite/LFP,1.1,50.0,0.3333,0.3333,2000,55.0683
wheeler2025_A123_18650_LFP,Cell7b,Graphite/LFP,1.1,50.0,0.3333,0.3333,2100,53.3231
wheeler2025_A123_18650_LFP,Cell7b,Graphite/LFP,1.1,50.0,0.3333,0.3333,2200,51.924
wheeler2025_A123_18650_LFP,Cell7b,Graphite/LFP,1.1,50.0,0.3333,0.3333,2300,50.3446
wheeler2025_A123_18650_LFP,Cell7b,Graphite/LFP,1.1,50.0,0.3333,0.3333,2400,48.578
wheeler2025_A123_18650_LFP,Cell7b,Graphite/LFP,1.1,50.0,0.3333,0.3333,2500,46.8801
wheeler2025_A123_18650_LFP,Cell7b,Graphite/LFP,1.1,50.0,0.3333,0.3333,2600,45.7311
wheeler2025_A123_18650_LFP,Cell7b,Graphite/LFP,1.1,50.0,0.3333,0.3333,2700,44.1878
wheeler2025_A123_18650_LFP,Cell7b,Graphite/LFP,1.1,50.0,0.3333,0.3333,2800,42.9558
wheeler2025_A123_18650_LFP,Cell7b,Graphite/LFP,1.1,50.0,0.3333,0.3333,2900,42.3146
wheeler2025_A123_18650_LFP,Cell7b,Graphite/LFP,1.1,50.0,0.3333,0.3333,3000,41.0611
wheeler2025_A123_18650_LFP,Cell7b,Graphite/LFP,1.1,50.0,0.3333,0.3333,3100,39.7176
wheeler2025_A123_18650_LFP,Cell7b,Graphite/LFP,1.1,50.0,0.3333,0.3333,3200,39.1325
wheeler2025_A123_18650_LFP,Cell7b,Graphite/LFP,1.1,50.0,0.3333,0.3333,3300,38.1949
wheeler2025_A123_18650_LFP,Cell7c,Graphite/LFP,1.1,50.0,0.3333,0.3333,0,91.3419
wheeler2025_A123_18650_LFP,Cell7c,Graphite/LFP,1.1,50.0,0.3333,0.3333,100,89.4558
wheeler2025_A123_18650_LFP,Cell7c,Graphite/LFP,1.1,50.0,0.3333,0.3333,111,88.65
wheeler2025_A123_18650_LFP,Cell7c,Graphite/LFP,1.1,50.0,0.3333,0.3333,200,86.2285
wheeler2025_A123_18650_LFP,Cell7c,Graphite/LFP,1.1,50.0,0.3333,0.3333,300,84.0645
wheeler2025_A123_18650_LFP,Cell7c,Graphite/LFP,1.1,50.0,0.3333,0.3333,400,83.6381
wheeler2025_A123_18650_LFP,Cell7c,Graphite/LFP,1.1,50.0,0.3333,0.3333,500,81.5563
wheeler2025_A123_18650_LFP,Cell7c,Graphite/LFP,1.1,50.0,0.3333,0.3333,600,79.2294
wheeler2025_A123_18650_LFP,Cell7c,Graphite/LFP,1.1,50.0,0.3333,0.3333,700,79.1359
wheeler2025_A123_18650_LFP,Cell7c,Graphite/LFP,1.1,50.0,0.3333,0.3333,800,76.1173
wheeler2025_A123_18650_LFP,Cell7c,Graphite/LFP,1.1,50.0,0.3333,0.3333,900,74.7101
wheeler2025_A123_18650_LFP,Cell7c,Graphite/LFP,1.1,50.0,0.3333,0.3333,1000,73.6886
wheeler2025_A123_18650_LFP,Cell7c,Graphite/LFP,1.1,50.0,0.3333,0.3333,1100,71.2536
wheeler2025_A123_18650_LFP,Cell7c,Graphite/LFP,1.1,50.0,0.3333,0.3333,1200,68.8818
wheeler2025_A123_18650_LFP,Cell7c,Graphite/LFP,1.1,50.0,0.3333,0.3333,1300,67.1048
wheeler2025_A123_18650_LFP,Cell7c,Graphite/LFP,1.1,50.0,0.3333,0.3333,1400,62.4401
wheeler2025_A123_18650_LFP,Cell7c,Graphite/LFP,1.1,50.0,0.3333,0.3333,1500,59.2188
wheeler2025_A123_18650_LFP,Cell7c,Graphite/LFP,1.1,50.0,0.3333,0.3333,1600,57.6125
wheeler2025_A123_18650_LFP,Cell7c,Graphite/LFP,1.1,50.0,0.3333,0.3333,1700,55.7499
wheeler2025_A123_18650_LFP,Cell7c,Graphite/LFP,1.1,50.0,0.3333,0.3333,1800,54.8008
wheeler2025_A123_18650_LFP,Cell7c,Graphite/LFP,1.1,50.0,0.3333,0.3333,1900,52.9156
wheeler2025_A123_18650_LFP,Cell7c,Graphite/LFP,1.1,50.0,0.3333,0.3333,2000,50.3727
wheeler2025_A123_18650_LFP,Cell7c,Graphite/LFP,1.1,50.0,0.3333,0.3333,2100,49.2915
wheeler2025_A123_18650_LFP,Cell7c,Graphite/LFP,1.1,50.0,0.3333,0.3333,2200,47.9317
wheeler2025_A123_18650_LFP,Cell7c,Graphite/LFP,1.1,50.0,0.3333,0.3333,2300,47.2113
wheeler2025_A123_18650_LFP,Cell7c,Graphite/LFP,1.1,50.0,0.3333,0.3333,2400,45.7565
wheeler2025_A123_18650_LFP,Cell7c,Graphite/LFP,1.1,50.0,0.3333,0.3333,2500,44.8938
wheeler2025_A123_18650_LFP,Cell7c,Graphite/LFP,1.1,50.0,0.3333,0.3333,2600,43.4585
wheeler2025_A123_18650_LFP,Cell7c,Graphite/LFP,1.1,50.0,0.3333,0.3333,2700,42.9265
wheeler2025_A123_18650_LFP,Cell7c,Graphite/LFP,1.1,50.0,0.3333,0.3333,2800,42.0634
wheeler2025_A123_18650_LFP,Cell7c,Graphite/LFP,1.1,50.0,0.3333,0.3333,2900,41.034
wheeler2025_A123_18650_LFP,Cell7c,Graphite/LFP,1.1,50.0,0.3333,0.3333,3000,39.8138
wheeler2025_A123_18650_LFP,Cell7c,Graphite/LFP,1.1,50.0,0.3333,0.3333,3100,38.9287
wheeler2025_A123_18650_LFP,Cell7c,Graphite/LFP,1.1,50.0,0.3333,0.3333,3200,38.6439
wheeler2025_A123_18650_LFP,Cell7c,Graphite/LFP,1.1,50.0,0.3333,0.3333,3300,37.5287
